circuit,trojan,success,gt_verify,vn_rounds,runtime_ms,area_delta,level_delta
aes,aes_trojan1,PASS,PASS,1,83199.4,-1,-8
c2670,c2670_trojan0,PASS,PASS,0,566.14,-1,0
c2670,c2670_trojan10,PASS,PASS,0,1949.67,-1,0
c2670,c2670_trojan11,PASS,PASS,0,644.988,-1,-14
c2670,c2670_trojan12,CEC_FAIL,PASS,0,541.77,1,0
c2670,c2670_trojan13,PASS,PASS,0,465.457,-1,0
c2670,c2670_trojan14,PASS,PASS,0,664.176,-1,0
c2670,c2670_trojan15,CEC_FAIL,PASS,0,675.96,1,1
c2670,c2670_trojan16,CEC_FAIL,PASS,0,539.015,1,1
c2670,c2670_trojan17,PASS,PASS,0,582.905,-1,0
c2670,c2670_trojan18,PASS,PASS,0,878.363,-1,0
c2670,c2670_trojan19,PASS,PASS,0,724.511,-1,-8
c2670,c2670_trojan1,PASS,PASS,0,620.549,-1,0
c2670,c2670_trojan20,PASS,PASS,0,555.268,-1,-13
c2670,c2670_trojan21,PASS,PASS,0,465.363,-1,-13
c2670,c2670_trojan22,PASS,PASS,0,533.577,-1,0
c2670,c2670_trojan23,PASS,PASS,0,717.642,-1,-12
c2670,c2670_trojan24,PASS,PASS,0,1663.63,-1,0
c2670,c2670_trojan25,PASS,PASS,0,1419.78,-1,-12
c2670,c2670_trojan26,PASS,PASS,0,554.325,-1,-11
c2670,c2670_trojan27,PASS,PASS,0,545.799,-1,0
c2670,c2670_trojan28,CEC_FAIL,PASS,0,928.211,1,1
c2670,c2670_trojan29,PASS,PASS,0,664.294,-1,0
c2670,c2670_trojan2,PASS,PASS,0,647.454,-1,0
c2670,c2670_trojan30,PASS,PASS,0,676.7,-1,0
c2670,c2670_trojan31,PASS,PASS,0,1062.81,-1,-11
c2670,c2670_trojan32,PASS,PASS,0,556.341,-1,0
c2670,c2670_trojan33,PASS,PASS,0,468.157,-1,0
c2670,c2670_trojan34,PASS,PASS,0,633.171,-1,0
c2670,c2670_trojan35,PASS,PASS,0,513.766,-1,0
c2670,c2670_trojan36,PASS,PASS,0,619.379,-1,-12
c2670,c2670_trojan37,PASS,PASS,0,547.015,-1,-14
c2670,c2670_trojan38,PASS,PASS,0,503.078,-1,0
c2670,c2670_trojan39,PASS,PASS,0,484.696,-1,-11
c2670,c2670_trojan3,CEC_FAIL,PASS,0,862.309,1,1
c2670,c2670_trojan40,PASS,PASS,0,826.657,-1,-13
c2670,c2670_trojan41,PASS,PASS,0,1038.68,-1,-13
c2670,c2670_trojan42,PASS,PASS,0,756.927,-1,-9
c2670,c2670_trojan43,PASS,PASS,0,2435.28,-1,-9
c2670,c2670_trojan44,PASS,PASS,0,451.783,-1,0
c2670,c2670_trojan45,PASS,PASS,0,539.619,-1,0
c2670,c2670_trojan46,PASS,PASS,0,1783.18,-1,-11
c2670,c2670_trojan47,PASS,PASS,0,753.308,-1,0
c2670,c2670_trojan48,PASS,PASS,0,1167.23,-1,-12
c2670,c2670_trojan49,PASS,PASS,0,712.541,-1,-13
c2670,c2670_trojan4,PASS,PASS,0,547.322,-1,0
c2670,c2670_trojan50,PASS,PASS,0,490.767,-1,-3
c2670,c2670_trojan51,CEC_FAIL,PASS,0,602.197,1,1
c2670,c2670_trojan52,PASS,PASS,0,941.612,-1,0
c2670,c2670_trojan53,PASS,PASS,0,2633.11,-1,-5
c2670,c2670_trojan54,PASS,PASS,0,576.188,-1,0
c2670,c2670_trojan55,PASS,PASS,0,530.13,-1,0
c2670,c2670_trojan56,PASS,PASS,0,689.776,-1,-5
c2670,c2670_trojan57,PASS,PASS,0,700.466,-1,-2
c2670,c2670_trojan58,PASS,PASS,0,923.029,-1,0
c2670,c2670_trojan59,PASS,PASS,0,450.336,-1,-6
c2670,c2670_trojan5,PASS,PASS,0,625.285,-1,0
c2670,c2670_trojan60,PASS,PASS,0,1446.16,-1,0
c2670,c2670_trojan61,PASS,PASS,0,697.928,-1,-2
c2670,c2670_trojan62,CEC_FAIL,PASS,0,591.309,1,1
c2670,c2670_trojan63,PASS,PASS,0,537.417,-1,-5
c2670,c2670_trojan64,PASS,PASS,0,1060.11,-1,-7
c2670,c2670_trojan65,CEC_FAIL,PASS,0,765.157,1,1
c2670,c2670_trojan66,CEC_FAIL,PASS,0,529.575,1,1
c2670,c2670_trojan67,PASS,PASS,0,567.9,-1,0
c2670,c2670_trojan68,PASS,PASS,0,551.233,-1,-3
c2670,c2670_trojan69,PASS,PASS,0,616.873,-1,0
c2670,c2670_trojan6,PASS,PASS,0,779.264,-1,0
c2670,c2670_trojan70,PASS,PASS,0,493.087,-1,-2
c2670,c2670_trojan71,PASS,PASS,0,1205.04,-1,-2
c2670,c2670_trojan72,PASS,PASS,0,450.105,-1,-3
c2670,c2670_trojan73,PASS,PASS,0,747.763,-1,-2
c2670,c2670_trojan74,PASS,PASS,0,928.61,-1,0
c2670,c2670_trojan75,PASS,PASS,0,3976.73,-1,-5
c2670,c2670_trojan76,PASS,PASS,0,433.055,-1,-2
c2670,c2670_trojan77,PASS,PASS,0,648.017,-1,0
c2670,c2670_trojan78,PASS,PASS,0,2688.91,-1,-5
c2670,c2670_trojan79,PASS,PASS,0,1183.67,-1,0
c2670,c2670_trojan7,PASS,PASS,0,666.408,-1,-12
c2670,c2670_trojan80,PASS,PASS,0,1450.47,-1,-3
c2670,c2670_trojan81,PASS,PASS,0,2835.15,-1,-2
c2670,c2670_trojan82,PASS,PASS,0,537.021,-1,0
c2670,c2670_trojan83,CEC_FAIL,PASS,0,558.668,1,1
c2670,c2670_trojan84,PASS,PASS,0,667.594,-1,0
c2670,c2670_trojan85,PASS,PASS,0,512.242,-1,0
c2670,c2670_trojan86,PASS,PASS,0,789.839,-1,0
c2670,c2670_trojan87,PASS,PASS,0,696.986,-1,-2
c2670,c2670_trojan88,PASS,PASS,0,603.408,-1,0
c2670,c2670_trojan89,PASS,PASS,0,675.03,-1,-1
c2670,c2670_trojan8,PASS,PASS,0,821.179,-1,-13
c2670,c2670_trojan90,PASS,PASS,0,760.047,-1,0
c2670,c2670_trojan91,PASS,PASS,0,1960.87,-1,-7
c2670,c2670_trojan92,PASS,PASS,0,1064.07,-1,-7
c2670,c2670_trojan93,PASS,PASS,0,712.848,-1,0
c2670,c2670_trojan94,PASS,PASS,0,754.204,-1,-4
c2670,c2670_trojan95,PASS,PASS,0,660.058,-1,0
c2670,c2670_trojan96,PASS,PASS,0,2048.29,-1,-7
c2670,c2670_trojan97,PASS,PASS,0,821.142,-1,-7
c2670,c2670_trojan98,PASS,PASS,0,1340.78,-1,0
c2670,c2670_trojan99,PASS,PASS,0,1035.14,-1,-2
c2670,c2670_trojan9,PASS,PASS,0,441.951,-1,-12
c3540,c3540_trojan0,PASS,PASS,1,15482.8,2,0
c3540,c3540_trojan10,PASS,PASS,1,11218.6,2,1
c3540,c3540_trojan11,PASS,PASS,0,11764,-1,0
c3540,c3540_trojan12,PASS,PASS,1,3062.6,2,1
c3540,c3540_trojan13,PASS,PASS,1,2566.64,2,0
c3540,c3540_trojan14,PASS,PASS,0,3566.93,-1,0
c3540,c3540_trojan15,PASS,PASS,0,3399.48,-1,0
c3540,c3540_trojan16,PASS,PASS,1,2086.39,2,1
c3540,c3540_trojan17,PASS,PASS,1,18416.2,2,0
c3540,c3540_trojan18,PASS,PASS,0,11996.1,-1,0
c3540,c3540_trojan19,PASS,PASS,0,779.733,-1,0
c3540,c3540_trojan1,PASS,PASS,0,3814.6,-1,0
c3540,c3540_trojan20,PASS,PASS,0,3742.5,-1,0
c3540,c3540_trojan21,PASS,PASS,0,4033.34,-1,0
c3540,c3540_trojan22,PASS,PASS,0,3411,-1,-4
c3540,c3540_trojan23,PASS,PASS,0,3534.37,-1,0
c3540,c3540_trojan24,PASS,PASS,0,5660.53,-1,0
c3540,c3540_trojan25,PASS,PASS,0,554.997,-1,-4
c3540,c3540_trojan26,PASS,PASS,1,2277.62,-1,0
c3540,c3540_trojan27,PASS,PASS,0,2436.25,-1,0
c3540,c3540_trojan28,PASS,PASS,1,9391.67,2,1
c3540,c3540_trojan29,PASS,PASS,0,1711.79,-1,0
c3540,c3540_trojan2,PASS,PASS,0,17900.3,-1,0
c3540,c3540_trojan30,PASS,PASS,0,3173.21,-1,0
c3540,c3540_trojan31,PASS,PASS,1,10263.2,2,1
c3540,c3540_trojan32,PASS,PASS,0,3153.84,-1,0
c3540,c3540_trojan33,PASS,PASS,1,2773.9,2,0
c3540,c3540_trojan34,PASS,PASS,0,756.006,-1,0
c3540,c3540_trojan35,PASS,PASS,1,15824.3,2,0
c3540,c3540_trojan36,PASS,PASS,0,10150.2,-1,0
c3540,c3540_trojan37,CEC_FAIL,PASS,0,560.533,2,1
c3540,c3540_trojan38,PASS,PASS,1,2119.04,2,0
c3540,c3540_trojan39,PASS,PASS,1,6763.04,2,1
c3540,c3540_trojan3,PASS,PASS,0,3325.29,-1,-6
c3540,c3540_trojan40,PASS,PASS,0,12713.1,-1,0
c3540,c3540_trojan41,PASS,PASS,1,1741.52,3,1
c3540,c3540_trojan42,PASS,PASS,0,6550.01,2,1
c3540,c3540_trojan43,PASS,PASS,1,8165.91,2,1
c3540,c3540_trojan44,PASS,PASS,1,1305.12,2,0
c3540,c3540_trojan45,PASS,PASS,1,9663.21,2,1
c3540,c3540_trojan46,PASS,PASS,0,2869.57,2,0
c3540,c3540_trojan47,PASS,PASS,1,10204.9,2,0
c3540,c3540_trojan48,PASS,PASS,1,3253.91,2,1
c3540,c3540_trojan49,PASS,PASS,0,1573.73,-1,0
c3540,c3540_trojan4,PASS,PASS,0,4009.91,-1,0
c3540,c3540_trojan50,PASS,PASS,1,11915.6,3,0
c3540,c3540_trojan51,PASS,PASS,0,5421.59,-1,0
c3540,c3540_trojan52,PASS,PASS,0,18147.6,-1,0
c3540,c3540_trojan53,PASS,PASS,0,4247.24,-1,0
c3540,c3540_trojan54,PASS,PASS,0,9360.79,-1,0
c3540,c3540_trojan55,PASS,PASS,0,10425.6,-1,0
c3540,c3540_trojan56,PASS,PASS,0,705.857,-1,0
c3540,c3540_trojan57,PASS,PASS,0,2147.46,-1,0
c3540,c3540_trojan58,PASS,PASS,0,3114.07,-1,0
c3540,c3540_trojan59,PASS,PASS,0,3655.98,-1,0
c3540,c3540_trojan5,PASS,PASS,0,9730.74,-1,0
c3540,c3540_trojan60,PASS,PASS,0,6122.43,-1,0
c3540,c3540_trojan61,PASS,PASS,0,15550.5,-1,0
c3540,c3540_trojan62,PASS,PASS,0,1061.74,-1,0
c3540,c3540_trojan63,PASS,PASS,0,2837.84,-1,0
c3540,c3540_trojan64,PASS,PASS,0,3210.2,-1,0
c3540,c3540_trojan65,PASS,PASS,0,6676.46,-1,0
c3540,c3540_trojan66,PASS,PASS,1,22111,3,0
c3540,c3540_trojan67,PASS,PASS,0,13362.3,-1,0
c3540,c3540_trojan68,PASS,PASS,0,11212.4,-1,0
c3540,c3540_trojan69,PASS,PASS,0,1301.66,-1,0
c3540,c3540_trojan6,PASS,PASS,1,1714.77,2,1
c3540,c3540_trojan70,PASS,PASS,1,10158.1,2,0
c3540,c3540_trojan71,PASS,PASS,0,2962.12,-1,0
c3540,c3540_trojan72,PASS,PASS,0,3626.61,-1,0
c3540,c3540_trojan73,PASS,PASS,0,3686.33,-1,0
c3540,c3540_trojan74,PASS,PASS,0,5381.8,-1,0
c3540,c3540_trojan75,PASS,PASS,0,488.562,-1,0
c3540,c3540_trojan76,PASS,PASS,0,1147.52,-1,0
c3540,c3540_trojan77,PASS,PASS,0,2356.78,-1,0
c3540,c3540_trojan78,PASS,PASS,1,1932.15,3,0
c3540,c3540_trojan79,PASS,PASS,0,2849.54,-1,0
c3540,c3540_trojan7,PASS,PASS,0,2183.01,-1,0
c3540,c3540_trojan80,PASS,PASS,0,3353.73,-1,0
c3540,c3540_trojan81,PASS,PASS,1,22616.7,3,0
c3540,c3540_trojan82,PASS,PASS,0,3716.88,-1,0
c3540,c3540_trojan83,PASS,PASS,1,2520.81,3,0
c3540,c3540_trojan84,PASS,PASS,1,6804.17,2,0
c3540,c3540_trojan85,PASS,PASS,1,1429.49,3,0
c3540,c3540_trojan86,PASS,PASS,0,24997.1,-1,0
c3540,c3540_trojan87,PASS,PASS,0,509.007,-1,0
c3540,c3540_trojan88,PASS,PASS,1,5567.48,3,0
c3540,c3540_trojan89,PASS,PASS,0,3440.27,-1,0
c3540,c3540_trojan8,PASS,PASS,0,2851.64,-1,0
c3540,c3540_trojan90,PASS,PASS,0,19273.9,-1,0
c3540,c3540_trojan91,PASS,PASS,1,1492.46,-1,0
c3540,c3540_trojan92,PASS,PASS,0,7459.33,1,0
c3540,c3540_trojan93,PASS,PASS,0,4003.83,-1,0
c3540,c3540_trojan94,PASS,PASS,0,793.788,-1,0
c3540,c3540_trojan95,PASS,PASS,0,6222.34,-1,0
c3540,c3540_trojan96,PASS,PASS,0,1608.86,1,0
c3540,c3540_trojan97,PASS,PASS,1,13466.5,3,0
c3540,c3540_trojan98,PASS,PASS,0,2620.78,-1,0
c3540,c3540_trojan99,PASS,PASS,0,4354.85,-1,0
c3540,c3540_trojan9,PASS,PASS,0,3135.88,-1,0
c5315,c5315_trojan0,PASS,PASS,1,74673.6,8,0
c5315,c5315_trojan10,PASS,PASS,1,78305,7,0
c5315,c5315_trojan11,PASS,PASS,1,24274.7,7,0
c5315,c5315_trojan12,PASS,PASS,1,45949.8,8,1
c5315,c5315_trojan13,PASS,PASS,1,27297.4,7,0
c5315,c5315_trojan14,CEC_FAIL,PASS,1,92930.7,5,1
c5315,c5315_trojan15,PASS,PASS,1,17371.1,4,0
c5315,c5315_trojan16,PASS,PASS,1,64285,8,0
c5315,c5315_trojan17,PASS,PASS,1,1445.64,4,0
c5315,c5315_trojan18,FAIL,FAIL,1,119961,,
c5315,c5315_trojan19,PASS,PASS,1,25066,7,0
c5315,c5315_trojan1,PASS,PASS,1,86908.2,4,0
c5315,c5315_trojan20,FAIL,FAIL,1,294957,,
c5315,c5315_trojan21,FAIL,FAIL,1,370941,,
c5315,c5315_trojan22,PASS,PASS,1,31185.3,7,0
c5315,c5315_trojan23,FAIL,FAIL,1,294155,,
c5315,c5315_trojan24,PASS,PASS,1,75851.7,9,0
c5315,c5315_trojan25,PASS,PASS,1,23536.7,10,0
c5315,c5315_trojan26,PASS,PASS,1,2017.88,7,0
c5315,c5315_trojan27,FAIL,FAIL,1,49980.6,,
c5315,c5315_trojan28,CEC_FAIL,PASS,1,1409.89,6,0
c5315,c5315_trojan29,PASS,PASS,1,42090,8,0
c5315,c5315_trojan2,PASS,PASS,1,66336.1,8,0
c5315,c5315_trojan30,PASS,PASS,1,29214,4,0
c5315,c5315_trojan31,CEC_FAIL,PASS,1,538532,2502,32
c5315,c5315_trojan32,PASS,PASS,1,20211.1,10,0
c5315,c5315_trojan33,CEC_FAIL,PASS,1,34229.2,5,0
c5315,c5315_trojan34,PASS,PASS,1,1924.76,6,0
c5315,c5315_trojan35,PASS,PASS,1,28383.3,7,0
c5315,c5315_trojan36,PASS,PASS,1,22992.4,4,1
c5315,c5315_trojan37,CEC_FAIL,PASS,1,168295,461,20
c5315,c5315_trojan38,FAIL,FAIL,1,569189,,
c5315,c5315_trojan39,CEC_FAIL,PASS,1,22717.6,3,0
c5315,c5315_trojan3,PASS,PASS,1,14908.6,8,0
c5315,c5315_trojan40,CEC_FAIL,PASS,1,152911,491,17
c5315,c5315_trojan41,PASS,PASS,1,30583.1,10,0
c5315,c5315_trojan42,PASS,PASS,1,1395.21,4,0
c5315,c5315_trojan43,FAIL,FAIL,2,343950,,
c5315,c5315_trojan44,PASS,PASS,1,32462.4,7,1
c5315,c5315_trojan45,PASS,PASS,1,2272.1,6,14
c5315,c5315_trojan46,PASS,PASS,1,14824.2,7,0
c5315,c5315_trojan47,PASS,PASS,1,25569.8,7,0
c5315,c5315_trojan48,PASS,PASS,1,87582.6,8,0
c5315,c5315_trojan49,CEC_FAIL,PASS,1,5243.39,221,19
c5315,c5315_trojan4,PASS,PASS,1,43749.6,2,0
c5315,c5315_trojan50,PASS,PASS,1,61863.1,7,0
c5315,c5315_trojan51,PASS,PASS,1,101750,2,0
c5315,c5315_trojan52,CEC_FAIL,PASS,1,243557,827,37
c5315,c5315_trojan53,PASS,PASS,1,16116.2,4,1
c5315,c5315_trojan54,PASS,PASS,1,39872.2,4,1
c5315,c5315_trojan55,CEC_FAIL,PASS,1,31437.2,4,1
c5315,c5315_trojan56,PASS,PASS,1,33137.1,4,0
c5315,c5315_trojan57,PASS,PASS,1,29261.1,6,0
c5315,c5315_trojan58,PASS,PASS,1,33681.3,2,0
c5315,c5315_trojan59,PASS,PASS,1,1340.06,-1,-5
c5315,c5315_trojan5,PASS,PASS,1,30379.2,7,0
c5315,c5315_trojan60,PASS,PASS,1,70846.2,4,0
c5315,c5315_trojan61,PASS,PASS,1,29537.9,4,1
c5315,c5315_trojan62,PASS,PASS,1,38895.6,5,0
c5315,c5315_trojan63,PASS,PASS,1,23769.9,4,0
c5315,c5315_trojan64,PASS,PASS,1,63203.9,4,0
c5315,c5315_trojan65,PASS,PASS,1,18040.4,2,0
c5315,c5315_trojan66,FAIL,FAIL,1,211341,,
c5315,c5315_trojan67,PASS,PASS,1,1988.64,4,0
c5315,c5315_trojan68,CEC_FAIL,PASS,1,147836,4880,28
c5315,c5315_trojan69,PASS,PASS,1,25443.5,4,1
c5315,c5315_trojan6,PASS,PASS,1,34348.4,8,0
c5315,c5315_trojan70,CEC_FAIL,PASS,2,387789,1206,15
c5315,c5315_trojan71,FAIL,FAIL,1,374189,,
c5315,c5315_trojan72,PASS,PASS,1,27992.1,4,0
c5315,c5315_trojan73,FAIL,FAIL,1,335519,,
c5315,c5315_trojan74,PASS,PASS,1,76395.1,7,0
c5315,c5315_trojan75,PASS,PASS,1,23941.4,4,0
c5315,c5315_trojan76,PASS,PASS,1,1493.4,4,0
c5315,c5315_trojan77,PASS,PASS,1,50950.9,4,0
c5315,c5315_trojan78,CEC_FAIL,PASS,1,37688.6,4,0
c5315,c5315_trojan79,PASS,PASS,1,35568.2,7,0
c5315,c5315_trojan7,CEC_FAIL,PASS,1,28618.1,10,1
c5315,c5315_trojan80,PASS,PASS,1,35905.4,2,0
c5315,c5315_trojan81,CEC_FAIL,PASS,2,420802,1231,32
c5315,c5315_trojan82,PASS,PASS,1,19257.9,4,3
c5315,c5315_trojan83,PASS,PASS,1,1540.38,4,1
c5315,c5315_trojan84,PASS,PASS,1,1603.23,7,0
c5315,c5315_trojan85,PASS,PASS,1,30785,4,1
c5315,c5315_trojan86,PASS,PASS,1,14232.9,6,0
c5315,c5315_trojan87,FAIL,FAIL,1,252782,,
c5315,c5315_trojan88,FAIL,FAIL,1,409658,,
c5315,c5315_trojan89,FAIL,FAIL,1,24200.1,,
c5315,c5315_trojan8,PASS,PASS,1,35037.4,4,0
c5315,c5315_trojan90,CEC_FAIL,PASS,1,152891,479,18
c5315,c5315_trojan91,PASS,PASS,1,27575.7,6,1
c5315,c5315_trojan92,PASS,PASS,1,1342.8,2,0
c5315,c5315_trojan93,FAIL,FAIL,1,288789,,
c5315,c5315_trojan94,PASS,PASS,1,29181.2,5,0
c5315,c5315_trojan95,PASS,PASS,1,2526.31,6,1
c5315,c5315_trojan96,PASS,PASS,1,14691.9,4,1
c5315,c5315_trojan97,PASS,PASS,1,25225.1,4,0
c5315,c5315_trojan98,CEC_FAIL,PASS,1,302613,1395,34
c5315,c5315_trojan99,CEC_FAIL,PASS,1,4148.64,192,7
c5315,c5315_trojan9,PASS,PASS,1,1062.02,-1,-8
c6288,c6288_trojan0,CEC_FAIL,PASS,1,21476.6,2,1
c7552,c7552_trojan0,PASS,PASS,1,27849.3,6,0
c7552,c7552_trojan10,ERROR_1,FAIL,0,,,
c7552,c7552_trojan11,PASS,PASS,1,7582.11,4,0
c7552,c7552_trojan12,PASS,PASS,1,33602.2,4,0
c7552,c7552_trojan13,CEC_FAIL,PASS,1,4165.85,2,0
c7552,c7552_trojan14,ERROR_1,FAIL,0,,,
c7552,c7552_trojan15,PASS,PASS,0,784.384,-1,0
c7552,c7552_trojan16,CEC_FAIL,PASS,1,3176.98,2,0
c7552,c7552_trojan17,CEC_FAIL,PASS,1,6825.68,3,0
c7552,c7552_trojan18,CEC_FAIL,PASS,0,812.891,-1,0
c7552,c7552_trojan19,PASS,PASS,1,38871,4,0
c7552,c7552_trojan1,PASS,PASS,1,21309.2,4,0
c7552,c7552_trojan20,CEC_FAIL,PASS,0,922.745,-1,0
c7552,c7552_trojan21,PASS,PASS,1,34292.2,6,0
c7552,c7552_trojan22,PASS,PASS,1,8515.6,6,0
c7552,c7552_trojan23,CEC_FAIL,PASS,1,19559.7,3,0
c7552,c7552_trojan24,ERROR_1,FAIL,0,,,
c7552,c7552_trojan25,PASS,PASS,1,20352.5,5,0
c7552,c7552_trojan26,PASS,PASS,1,1531.14,-1,0
c7552,c7552_trojan27,PASS,PASS,1,2600.23,2,0
c7552,c7552_trojan28,PASS,PASS,1,17822.5,6,0
c7552,c7552_trojan29,PASS,PASS,1,27171.9,4,0
c7552,c7552_trojan2,CEC_FAIL,PASS,1,1991.41,2,0
c7552,c7552_trojan30,PASS,PASS,1,21231.1,5,0
c7552,c7552_trojan31,CEC_FAIL,PASS,1,12396,5,0
c7552,c7552_trojan32,PASS,PASS,0,820.903,-1,0
c7552,c7552_trojan33,PASS,PASS,1,23276.5,4,0
c7552,c7552_trojan34,PASS,PASS,1,30201.1,4,0
c7552,c7552_trojan35,PASS,PASS,1,38963,2,0
c7552,c7552_trojan36,CEC_FAIL,PASS,1,2321.23,2,0
c7552,c7552_trojan37,PASS,PASS,1,29796.6,5,0
c7552,c7552_trojan38,PASS,PASS,1,23170.7,6,0
c7552,c7552_trojan39,CEC_FAIL,PASS,1,1754.27,2,0
c7552,c7552_trojan3,PASS,PASS,1,39776.3,4,0
c7552,c7552_trojan40,PASS,PASS,1,38123.3,6,0
c7552,c7552_trojan41,PASS,PASS,1,27566.5,4,0
c7552,c7552_trojan42,CEC_FAIL,PASS,0,1039.87,1,0
c7552,c7552_trojan43,FAIL,FAIL,1,39068.2,,
c7552,c7552_trojan44,ERROR_1,FAIL,0,,,
c7552,c7552_trojan45,PASS,PASS,1,24520.1,7,0
c7552,c7552_trojan46,PASS,PASS,1,33234.2,4,0
c7552,c7552_trojan47,ERROR_1,FAIL,0,,,
c7552,c7552_trojan48,ERROR_1,FAIL,0,,,
c7552,c7552_trojan49,CEC_FAIL,PASS,0,954.074,3,0
c7552,c7552_trojan4,PASS,PASS,1,34824.6,4,0
c7552,c7552_trojan50,PASS,PASS,1,22235.8,4,0
c7552,c7552_trojan51,PASS,PASS,1,13387.8,2,1
c7552,c7552_trojan52,PASS,PASS,1,23880.4,6,0
c7552,c7552_trojan53,CEC_FAIL,PASS,1,1887.53,3,0
c7552,c7552_trojan54,PASS,PASS,1,32061.1,2,0
c7552,c7552_trojan55,ERROR_1,FAIL,0,,,
c7552,c7552_trojan56,ERROR_1,FAIL,0,,,
c7552,c7552_trojan57,CEC_FAIL,PASS,1,15293.5,2,0
c7552,c7552_trojan58,CEC_FAIL,PASS,1,17368.3,4,0
c7552,c7552_trojan59,PASS,PASS,1,18691.7,2,0
c7552,c7552_trojan5,ERROR_1,FAIL,0,,,
c7552,c7552_trojan60,ERROR_1,FAIL,0,,,
c7552,c7552_trojan61,PASS,PASS,1,4818.71,2,6
c7552,c7552_trojan62,CEC_FAIL,PASS,1,26666.4,2,1
c7552,c7552_trojan63,CEC_FAIL,PASS,1,2910.65,3,0
c7552,c7552_trojan64,ERROR_1,FAIL,0,,,
c7552,c7552_trojan65,PASS,PASS,0,742.862,-1,0
c7552,c7552_trojan66,PASS,PASS,1,3588.57,4,0
c7552,c7552_trojan67,CEC_FAIL,PASS,1,4884.75,2,0
c7552,c7552_trojan68,CEC_FAIL,PASS,0,729.873,-1,0
c7552,c7552_trojan69,PASS,PASS,1,26306.4,2,0
c7552,c7552_trojan6,CEC_FAIL,PASS,0,825.374,-1,0
c7552,c7552_trojan70,CEC_FAIL,PASS,0,789.986,2,0
c7552,c7552_trojan71,PASS,PASS,1,27020.4,4,0
c7552,c7552_trojan72,PASS,PASS,1,7250.1,3,1
c7552,c7552_trojan73,CEC_FAIL,PASS,1,18228.2,2,0
c7552,c7552_trojan74,ERROR_1,FAIL,0,,,
c7552,c7552_trojan75,CEC_FAIL,PASS,1,13614.6,2,0
c7552,c7552_trojan76,FAIL,FAIL,1,23869.9,,
c7552,c7552_trojan77,PASS,PASS,0,1282.11,-1,0
c7552,c7552_trojan78,PASS,PASS,1,9975.46,3,0
c7552,c7552_trojan79,PASS,PASS,1,20449.9,2,0
c7552,c7552_trojan7,PASS,PASS,1,19368.6,2,0
c7552,c7552_trojan80,PASS,PASS,1,17432.8,4,0
c7552,c7552_trojan81,CEC_FAIL,PASS,1,6435.14,4,0
c7552,c7552_trojan82,CEC_FAIL,PASS,1,1558.23,3,0
c7552,c7552_trojan83,CEC_FAIL,PASS,1,17909.2,2,0
c7552,c7552_trojan84,PASS,PASS,1,24845.5,2,0
c7552,c7552_trojan85,PASS,PASS,1,29890.9,2,0
c7552,c7552_trojan86,PASS,PASS,1,2009.15,3,0
c7552,c7552_trojan87,PASS,PASS,1,24950.1,4,0
c7552,c7552_trojan88,PASS,PASS,1,15257.2,4,0
c7552,c7552_trojan89,CEC_FAIL,PASS,0,899.609,1,0
c7552,c7552_trojan8,PASS,PASS,1,21307,2,0
c7552,c7552_trojan90,PASS,PASS,1,30774.7,3,0
c7552,c7552_trojan91,PASS,PASS,1,20836.3,2,0
c7552,c7552_trojan92,PASS,PASS,0,762.567,-1,0
c7552,c7552_trojan93,PASS,PASS,1,28381.2,2,0
c7552,c7552_trojan94,ERROR_1,FAIL,0,,,
c7552,c7552_trojan95,PASS,PASS,1,15592.7,3,0
c7552,c7552_trojan96,PASS,PASS,1,28294.2,2,0
c7552,c7552_trojan97,ERROR_1,FAIL,0,,,
c7552,c7552_trojan98,ERROR_1,FAIL,0,,,
c7552,c7552_trojan99,ERROR_1,FAIL,0,,,
c7552,c7552_trojan9,PASS,PASS,1,25861.5,4,0
c880,c880_trojan0,PASS,PASS,1,3167.42,8,6
c880,c880_trojan10,PASS,PASS,1,3481.96,9,1
c880,c880_trojan11,CEC_FAIL,PASS,1,2181.82,7,1
c880,c880_trojan12,PASS,PASS,1,4468.94,9,1
c880,c880_trojan13,CEC_FAIL,PASS,1,931.889,4,2
c880,c880_trojan14,PASS,PASS,1,1566.82,9,1
c880,c880_trojan15,PASS,PASS,1,1224.18,4,1
c880,c880_trojan16,PASS,PASS,1,5825.05,10,3
c880,c880_trojan17,ERROR_1,FAIL,0,,,
c880,c880_trojan18,CEC_FAIL,PASS,1,497.431,2,1
c880,c880_trojan19,CEC_FAIL,PASS,1,1590.78,3,1
c880,c880_trojan1,PASS,PASS,1,9672.61,9,1
c880,c880_trojan20,CEC_FAIL,PASS,1,1394.43,8,1
c880,c880_trojan21,PASS,PASS,1,5190.98,9,1
c880,c880_trojan22,PASS,PASS,1,2927.6,9,2
c880,c880_trojan23,PASS,PASS,1,4327.02,9,1
c880,c880_trojan24,CEC_FAIL,PASS,1,2543.67,4,1
c880,c880_trojan25,PASS,PASS,1,4921.57,9,1
c880,c880_trojan26,CEC_FAIL,PASS,1,436.109,3,1
c880,c880_trojan27,ERROR_1,FAIL,0,,,
c880,c880_trojan28,CEC_FAIL,PASS,1,752.069,3,1
c880,c880_trojan29,PASS,PASS,1,677.899,3,1
c880,c880_trojan2,CEC_FAIL,PASS,1,6211.05,4,1
c880,c880_trojan30,CEC_FAIL,PASS,1,421.018,2,1
c880,c880_trojan31,CEC_FAIL,PASS,1,2170.5,4,1
c880,c880_trojan32,PASS,PASS,1,3067.91,8,3
c880,c880_trojan33,CEC_FAIL,PASS,1,1987.18,8,1
c880,c880_trojan34,PASS,PASS,1,5211.57,9,1
c880,c880_trojan35,PASS,PASS,1,5976.97,9,1
c880,c880_trojan36,PASS,PASS,1,1779.78,3,1
c880,c880_trojan37,PASS,PASS,1,4615.67,10,3
c880,c880_trojan38,PASS,PASS,1,656.385,13,4
c880,c880_trojan39,CEC_FAIL,PASS,1,2032.45,8,3
c880,c880_trojan3,CEC_FAIL,PASS,1,533.942,3,1
c880,c880_trojan40,CEC_FAIL,PASS,1,3783.61,8,1
c880,c880_trojan41,CEC_FAIL,PASS,1,496.597,3,1
c880,c880_trojan42,CEC_FAIL,PASS,1,2591.2,8,2
c880,c880_trojan43,PASS,PASS,1,2194.14,5,5
c880,c880_trojan44,CEC_FAIL,PASS,1,815.282,4,1
c880,c880_trojan45,PASS,PASS,1,3232.7,6,1
c880,c880_trojan46,CEC_FAIL,PASS,1,1036.03,4,1
c880,c880_trojan47,PASS,PASS,1,1591.93,8,2
c880,c880_trojan48,PASS,PASS,1,424.087,-1,0
c880,c880_trojan49,PASS,PASS,1,1568.23,5,4
c880,c880_trojan4,CEC_FAIL,PASS,1,4499.93,9,1
c880,c880_trojan50,CEC_FAIL,PASS,1,4291.48,4,3
c880,c880_trojan51,CEC_FAIL,PASS,1,9814.92,2,2
c880,c880_trojan52,FAIL,FAIL,1,5774.1,,
c880,c880_trojan53,PASS,PASS,1,3532.51,4,3
c880,c880_trojan54,PASS,PASS,1,8356.54,7,7
c880,c880_trojan55,PASS,PASS,0,414.133,-1,0
c880,c880_trojan56,PASS,PASS,1,7049.04,6,1
c880,c880_trojan57,PASS,PASS,1,4441.97,5,1
c880,c880_trojan58,CEC_FAIL,PASS,1,1039.86,4,8
c880,c880_trojan59,PASS,PASS,1,8121.8,6,1
c880,c880_trojan5,CEC_FAIL,PASS,1,569.308,3,1
c880,c880_trojan60,CEC_FAIL,PASS,1,5549.68,5,1
c880,c880_trojan61,CEC_FAIL,PASS,1,523.287,2,1
c880,c880_trojan62,PASS,PASS,1,5079.76,7,3
c880,c880_trojan63,CEC_FAIL,PASS,1,1207.52,5,1
c880,c880_trojan64,CEC_FAIL,PASS,1,571.629,4,1
c880,c880_trojan65,PASS,PASS,1,478.485,-1,0
c880,c880_trojan66,PASS,PASS,1,3964.96,5,2
c880,c880_trojan67,ERROR_1,FAIL,0,,,
c880,c880_trojan68,CEC_FAIL,PASS,1,543.096,2,1
c880,c880_trojan69,CEC_FAIL,PASS,1,3288.93,6,3
c880,c880_trojan6,PASS,PASS,1,3440.56,8,1
c880,c880_trojan70,PASS,PASS,1,3467.26,5,2
c880,c880_trojan71,PASS,PASS,1,6593.84,7,4
c880,c880_trojan72,PASS,PASS,1,3584.81,4,1
c880,c880_trojan73,PASS,PASS,1,5154.53,4,2
c880,c880_trojan74,CEC_FAIL,PASS,1,3092.02,6,1
c880,c880_trojan75,PASS,PASS,1,4755.37,7,7
c880,c880_trojan76,PASS,PASS,1,1037.1,2,1
c880,c880_trojan77,ERROR_1,FAIL,0,,,
c880,c880_trojan78,PASS,PASS,1,2268.69,3,1
c880,c880_trojan79,CEC_FAIL,PASS,1,1701.86,4,1
c880,c880_trojan7,CEC_FAIL,PASS,1,480.2,3,0
c880,c880_trojan80,CEC_FAIL,PASS,1,539.869,2,1
c880,c880_trojan81,CEC_FAIL,PASS,1,2056.15,2,1
c880,c880_trojan82,PASS,PASS,1,3666.31,5,3
c880,c880_trojan83,PASS,PASS,1,4242.04,7,1
c880,c880_trojan84,CEC_FAIL,PASS,1,532.495,3,1
c880,c880_trojan85,CEC_FAIL,PASS,1,5423.64,5,7
c880,c880_trojan86,PASS,PASS,1,5649.18,7,4
c880,c880_trojan87,PASS,PASS,1,3753.62,2,1
c880,c880_trojan88,CEC_FAIL,PASS,1,674.158,3,1
c880,c880_trojan89,CEC_FAIL,PASS,1,1691.8,4,2
c880,c880_trojan8,CEC_FAIL,PASS,1,1443.83,8,1
c880,c880_trojan90,CEC_FAIL,PASS,1,4308.7,3,7
c880,c880_trojan91,CEC_FAIL,PASS,1,647.548,4,1
c880,c880_trojan92,PASS,PASS,1,3317.54,3,9
c880,c880_trojan93,PASS,PASS,1,3425.95,3,1
c880,c880_trojan94,CEC_FAIL,PASS,1,1027.47,5,1
c880,c880_trojan95,PASS,PASS,1,7171.48,7,4
c880,c880_trojan96,CEC_FAIL,PASS,1,2000.62,5,1
c880,c880_trojan97,PASS,PASS,1,2872.39,4,8
c880,c880_trojan98,CEC_FAIL,PASS,1,491.424,2,1
c880,c880_trojan99,CEC_FAIL,PASS,1,1500.91,4,1
c880,c880_trojan9,PASS,PASS,1,5195.23,8,1
