case_id,circuit,trojan,z3_status,dac_status,transition,both_pass,z3_runtime_ms,dac_runtime_ms,z3_wall_ms,dac_wall_ms,golden_aig_nodes,golden_aig_levels,trojan_aig_nodes,trojan_aig_levels,z3_aig_nodes,z3_aig_levels,dac_aig_nodes,dac_aig_levels,z3_delta_nodes_vs_trojan,dac_delta_nodes_vs_trojan,z3_delta_levels_vs_trojan,dac_delta_levels_vs_trojan,z3_minus_dac_nodes,z3_minus_dac_levels,node_winner,level_winner,dac_target_count,dac_patch_inputs,dac_runeco_added_gates,z3_effective_rules,z3_effective_literals,z3_effective_depth,z3_cec_replay,dac_cec_replay
aes_trojan1,aes,aes_trojan1,PASS,TIMEOUT,regression,0,46568.3,,50036.1558200093,300127.0124570001,242128,14,242133,20,242128,14,,,-5,,-6,,,,,,,,,1,1,1,1,
c2670_trojan0,c2670,c2670_trojan0,PASS,PASS,both_pass,1,509.459,2422.48,615.835995064117,2515.7724280143157,717,21,738,29,736,28,717,21,-2,-21,-1,-8,19,7,dac25-inspired,dac25-inspired,1,0,1,1,1,1,1,1
c2670_trojan1,c2670,c2670_trojan1,PASS,PASS,both_pass,1,923.449,2267.76,1013.911506976001,2368.2612270349637,717,21,737,35,735,34,717,21,-2,-20,-1,-14,18,13,dac25-inspired,dac25-inspired,1,0,1,1,1,1,1,1
c2670_trojan10,c2670,c2670_trojan10,PASS,PASS,both_pass,1,1033.51,2249.66,1164.0898999758065,2310.9558700816706,717,21,737,28,735,27,717,21,-2,-20,-1,-7,18,6,dac25-inspired,dac25-inspired,1,0,1,1,1,1,1,1
c2670_trojan11,c2670,c2670_trojan11,PASS,PASS,both_pass,1,522.205,2493.5,715.5420709168538,2564.7534399759024,717,21,738,30,717,21,717,21,-21,-21,-9,-9,0,0,tie,tie,1,0,1,1,1,1,1,1
c2670_trojan12,c2670,c2670_trojan12,PASS,PASS,both_pass,1,773.184,2308.42,865.6859010225162,2361.6533119929954,717,21,737,34,735,33,717,21,-2,-20,-1,-13,18,12,dac25-inspired,dac25-inspired,1,0,1,1,1,1,1,1
c2670_trojan13,c2670,c2670_trojan13,PASS,PASS,both_pass,1,431.862,2278.12,566.488787997514,2364.060170017183,717,21,737,32,735,31,717,21,-2,-20,-1,-11,18,10,dac25-inspired,dac25-inspired,1,0,1,1,1,1,1,1
c2670_trojan14,c2670,c2670_trojan14,PASS,PASS,both_pass,1,614.011,2328.03,714.6204430609941,2417.201688978821,717,21,736,32,734,31,717,21,-2,-19,-1,-11,17,10,dac25-inspired,dac25-inspired,1,0,1,1,1,1,1,1
c2670_trojan15,c2670,c2670_trojan15,PASS,PASS,both_pass,1,779.853,2294.58,914.2585910158232,2362.980221048929,717,21,736,34,734,33,717,21,-2,-19,-1,-13,17,12,dac25-inspired,dac25-inspired,1,0,1,1,1,1,1,1
c2670_trojan16,c2670,c2670_trojan16,PASS,PASS,both_pass,1,875.116,2299.41,970.7416610326618,2363.257219083607,717,21,737,35,735,34,717,21,-2,-20,-1,-14,18,13,dac25-inspired,dac25-inspired,1,0,1,1,1,1,1,1
c2670_trojan17,c2670,c2670_trojan17,PASS,PASS,both_pass,1,456.611,2302.63,564.8199910065159,2361.772479955107,717,21,736,29,734,28,717,21,-2,-19,-1,-8,17,7,dac25-inspired,dac25-inspired,1,0,1,1,1,1,1,1
c2670_trojan18,c2670,c2670_trojan18,PASS,PASS,both_pass,1,650.859,2287.16,974.830377032049,2361.161761917174,717,21,736,31,734,30,717,21,-2,-19,-1,-10,17,9,dac25-inspired,dac25-inspired,1,0,1,1,1,1,1,1
c2670_trojan19,c2670,c2670_trojan19,PASS,PASS,both_pass,1,559.989,2393.59,663.1923679960892,2462.824749061838,717,21,738,27,717,21,717,21,-21,-21,-6,-6,0,0,tie,tie,1,0,1,1,1,1,1,1
c2670_trojan2,c2670,c2670_trojan2,PASS,PASS,both_pass,1,527.495,2162.23,661.5086810197681,2210.624934057705,717,21,736,28,734,27,717,21,-2,-19,-1,-7,17,6,dac25-inspired,dac25-inspired,1,0,1,1,1,1,1,1
c2670_trojan20,c2670,c2670_trojan20,PASS,PASS,both_pass,1,454.1,2544.48,562.7976909745485,2613.998967106454,717,21,738,29,717,21,717,21,-21,-21,-8,-8,0,0,tie,tie,1,0,1,1,1,1,1,1
c2670_trojan21,c2670,c2670_trojan21,PASS,PASS,both_pass,1,438.517,2510.93,569.7527331067249,2561.9355849921703,717,21,738,29,717,21,717,21,-21,-21,-8,-8,0,0,tie,tie,1,0,1,1,1,1,1,1
c2670_trojan22,c2670,c2670_trojan22,PASS,PASS,both_pass,1,477.796,2305.33,613.4369549108669,2362.5630509341136,717,21,737,29,735,28,717,21,-2,-20,-1,-8,18,7,dac25-inspired,dac25-inspired,1,0,1,1,1,1,1,1
c2670_trojan23,c2670,c2670_trojan23,PASS,PASS,both_pass,1,611.018,2462.68,715.9131810767576,2511.8294450221583,717,21,738,29,717,21,717,21,-21,-21,-8,-8,0,0,tie,tie,1,0,1,1,1,1,1,1
c2670_trojan24,c2670,c2670_trojan24,PASS,PASS,both_pass,1,992.51,2257.64,1114.2389400629327,2311.6918109590188,717,21,736,27,734,26,717,21,-2,-19,-1,-6,17,5,dac25-inspired,dac25-inspired,1,0,1,1,1,1,1,1
c2670_trojan25,c2670,c2670_trojan25,PASS,PASS,both_pass,1,802.51,2433.66,915.0063439738005,2515.8596630208194,717,21,736,34,717,21,717,21,-19,-19,-13,-13,0,0,tie,tie,1,0,1,1,1,1,1,1
c2670_trojan26,c2670,c2670_trojan26,PASS,PASS,both_pass,1,435.789,2374.75,567.3598679713905,2464.5758100086823,717,21,738,29,717,21,717,21,-21,-21,-8,-8,0,0,tie,tie,1,0,1,1,1,1,1,1
c2670_trojan27,c2670,c2670_trojan27,PASS,PASS,both_pass,1,638.324,2308.84,765.095294918865,2362.4507630011067,717,21,736,29,734,28,717,21,-2,-19,-1,-8,17,7,dac25-inspired,dac25-inspired,1,0,1,1,1,1,1,1
c2670_trojan28,c2670,c2670_trojan28,PASS,PASS,both_pass,1,644.206,2264.16,763.5660510277376,2311.1438209889457,717,21,736,34,734,33,717,21,-2,-19,-1,-13,17,12,dac25-inspired,dac25-inspired,1,0,1,1,1,1,1,1
c2670_trojan29,c2670,c2670_trojan29,PASS,PASS,both_pass,1,559.942,2182.54,661.2809170037508,2262.5002259155735,717,21,737,29,735,28,717,21,-2,-20,-1,-8,18,7,dac25-inspired,dac25-inspired,1,0,1,1,1,1,1,1
c2670_trojan3,c2670,c2670_trojan3,PASS,PASS,both_pass,1,1044.45,2509.33,1175.9805659530684,2602.635744959116,717,21,736,34,734,33,717,21,-2,-19,-1,-13,17,12,dac25-inspired,dac25-inspired,1,0,1,1,1,1,1,1
c2670_trojan30,c2670,c2670_trojan30,PASS,PASS,both_pass,1,523.339,2200.72,612.8804070176557,2284.55263201613,717,21,737,29,735,28,717,21,-2,-20,-1,-8,18,7,dac25-inspired,dac25-inspired,1,0,1,1,1,1,1,1
c2670_trojan31,c2670,c2670_trojan31,PASS,PASS,both_pass,1,704.628,2628.87,813.3438249351457,2702.819881029427,717,21,738,28,717,21,717,21,-21,-21,-7,-7,0,0,tie,tie,1,0,1,1,1,1,1,1
c2670_trojan32,c2670,c2670_trojan32,PASS,PASS,both_pass,1,516.985,2454.18,610.0655840709805,2543.3805929496884,717,21,737,29,735,28,717,21,-2,-20,-1,-8,18,7,dac25-inspired,dac25-inspired,1,0,1,1,1,1,1,1
c2670_trojan33,c2670,c2670_trojan33,PASS,PASS,both_pass,1,776.717,2349.66,869.8613070882857,2433.859782991931,717,21,737,34,735,33,717,21,-2,-20,-1,-13,18,12,dac25-inspired,dac25-inspired,1,0,1,1,1,1,1,1
c2670_trojan34,c2670,c2670_trojan34,PASS,PASS,both_pass,1,475.99,2276.76,563.2994140032679,2366.0548879997805,717,21,737,29,735,28,717,21,-2,-20,-1,-8,18,7,dac25-inspired,dac25-inspired,1,0,1,1,1,1,1,1
c2670_trojan35,c2670,c2670_trojan35,PASS,PASS,both_pass,1,526.648,2292.45,661.0813790466636,2362.591009004973,717,21,737,29,735,28,717,21,-2,-20,-1,-8,18,7,dac25-inspired,dac25-inspired,1,0,1,1,1,1,1,1
c2670_trojan36,c2670,c2670_trojan36,PASS,PASS,both_pass,1,571.456,2448.64,659.9650599528104,2513.1222219206393,717,21,736,28,717,21,717,21,-19,-19,-7,-7,0,0,tie,tie,1,0,1,1,1,1,1,1
c2670_trojan37,c2670,c2670_trojan37,PASS,PASS,both_pass,1,502.151,2501.37,615.1178770232946,2563.855452928692,717,21,738,29,717,21,717,21,-21,-21,-8,-8,0,0,tie,tie,1,0,1,1,1,1,1,1
c2670_trojan38,c2670,c2670_trojan38,PASS,PASS,both_pass,1,559.187,2328.06,663.7481099460274,2413.111642934382,717,21,737,29,735,28,717,21,-2,-20,-1,-8,18,7,dac25-inspired,dac25-inspired,1,0,1,1,1,1,1,1
c2670_trojan39,c2670,c2670_trojan39,PASS,PASS,both_pass,1,455.645,2430.23,566.0935619380325,2529.257799964398,717,21,735,28,717,21,717,21,-18,-18,-7,-7,0,0,tie,tie,1,0,1,1,1,1,1,1
c2670_trojan4,c2670,c2670_trojan4,PASS,PASS,both_pass,1,447.333,2339.89,664.7982599679381,2414.1520150005817,717,21,736,29,734,28,717,21,-2,-19,-1,-8,17,7,dac25-inspired,dac25-inspired,1,0,1,1,1,1,1,1
c2670_trojan40,c2670,c2670_trojan40,PASS,PASS,both_pass,1,619.378,2647.26,715.3596529969946,2702.992268023081,717,21,736,29,717,21,717,21,-19,-19,-8,-8,0,0,tie,tie,1,0,1,1,1,1,1,1
c2670_trojan41,c2670,c2670_trojan41,PASS,PASS,both_pass,1,791.345,2511.34,910.696783917956,2572.88214599248,717,21,736,31,717,21,717,21,-19,-19,-10,-10,0,0,tie,tie,1,0,1,1,1,1,1,1
c2670_trojan42,c2670,c2670_trojan42,PASS,PASS,both_pass,1,691.674,2327.56,818.7772129895166,2413.508174009621,717,21,736,31,717,21,717,21,-19,-19,-10,-10,0,0,tie,tie,1,0,1,1,1,1,1,1
c2670_trojan43,c2670,c2670_trojan43,PASS,PASS,both_pass,1,1466.87,2343.18,1566.8417729903013,2409.5893789781258,717,21,736,27,717,21,717,21,-19,-19,-6,-6,0,0,tie,tie,1,0,1,1,1,1,1,1
c2670_trojan44,c2670,c2670_trojan44,PASS,PASS,both_pass,1,492.343,2162.85,614.3461279571056,2210.4112850502133,717,21,737,29,735,28,717,21,-2,-20,-1,-8,18,7,dac25-inspired,dac25-inspired,1,0,1,1,1,1,1,1
c2670_trojan45,c2670,c2670_trojan45,PASS,PASS,both_pass,1,498.483,2181.71,621.0799880791456,2260.7173320138827,717,21,736,29,734,28,717,21,-2,-19,-1,-8,17,7,dac25-inspired,dac25-inspired,1,0,1,1,1,1,1,1
c2670_trojan46,c2670,c2670_trojan46,PASS,PASS,both_pass,1,1058.49,2319.62,1165.8983720699325,2420.6385280704126,717,21,735,30,717,21,717,21,-18,-18,-9,-9,0,0,tie,tie,1,0,1,1,1,1,1,1
c2670_trojan47,c2670,c2670_trojan47,PASS,PASS,both_pass,1,586.495,2216.18,714.9109580786899,2316.4548110216856,717,21,736,30,734,29,717,21,-2,-19,-1,-9,17,8,dac25-inspired,dac25-inspired,1,0,1,1,1,1,1,1
c2670_trojan48,c2670,c2670_trojan48,PASS,PASS,both_pass,1,1046.78,2507.68,1163.6691479943693,2600.0264240428805,717,21,736,28,717,21,717,21,-19,-19,-7,-7,0,0,tie,tie,1,0,1,1,1,1,1,1
c2670_trojan49,c2670,c2670_trojan49,PASS,PASS,both_pass,1,509.965,2593.44,614.1870659776032,2679.254463990219,717,21,738,28,717,21,717,21,-21,-21,-7,-7,0,0,tie,tie,1,0,1,1,1,1,1,1
c2670_trojan5,c2670,c2670_trojan5,PASS,PASS,both_pass,1,494.233,2177.72,618.7872800510377,2262.891468941234,717,21,736,29,734,28,717,21,-2,-19,-1,-8,17,7,dac25-inspired,dac25-inspired,1,0,1,1,1,1,1,1
c2670_trojan50,c2670,c2670_trojan50,PASS,PASS,both_pass,1,545.518,6121.11,694.3968029227108,6204.5590919442475,717,21,598,19,582,17,582,17,-16,-16,-2,-2,0,0,tie,tie,1,0,1,1,1,1,1,1
c2670_trojan51,c2670,c2670_trojan51,PASS,PASS,both_pass,1,1464.15,5606.93,1606.5462440019473,5702.4771579308435,717,21,599,24,584,19,584,19,-15,-15,-5,-5,0,0,tie,tie,1,0,1,1,1,1,1,1
c2670_trojan52,c2670,c2670_trojan52,PASS,PASS,both_pass,1,823.457,4844.5,996.54806999024,4950.6380199454725,717,21,597,19,582,18,582,18,-15,-15,-1,-1,0,0,tie,tie,1,0,1,1,1,1,1,1
c2670_trojan53,c2670,c2670_trojan53,PASS,PASS,both_pass,1,3108.89,5844.83,3269.3572510033846,5955.577578977682,717,21,598,25,582,19,582,19,-16,-16,-6,-6,0,0,tie,tie,1,0,1,1,1,1,1,1
c2670_trojan54,c2670,c2670_trojan54,PASS,PASS,both_pass,1,532.978,3984.47,694.0284490119666,4100.295181968249,717,21,598,19,583,17,583,17,-15,-15,-2,-2,0,0,tie,tie,1,0,1,1,1,1,1,1
c2670_trojan55,c2670,c2670_trojan55,PASS,PASS,both_pass,1,558.321,4920.8,697.1219980623573,5003.1404859619215,717,21,597,19,581,18,581,18,-16,-16,-1,-1,0,0,tie,tie,1,0,1,1,1,1,1,1
c2670_trojan56,c2670,c2670_trojan56,PASS,PASS,both_pass,1,650.57,3659.39,796.2882269639522,3749.4982180651277,717,21,599,22,583,19,583,19,-16,-16,-3,-3,0,0,tie,tie,1,0,1,1,1,1,1,1
c2670_trojan57,c2670,c2670_trojan57,PASS,PASS,both_pass,1,706.737,3317.99,847.5971529260278,3449.087501037866,717,21,596,19,582,17,582,17,-14,-14,-2,-2,0,0,tie,tie,1,0,1,1,1,1,1,1
c2670_trojan58,c2670,c2670_trojan58,PASS,PASS,both_pass,1,713.462,4631.5,852.3865829920396,4759.993101935834,717,21,598,19,583,18,583,18,-15,-15,-1,-1,0,0,tie,tie,1,0,1,1,1,1,1,1
c2670_trojan59,c2670,c2670_trojan59,PASS,PASS,both_pass,1,507.283,3382.59,650.6404299288988,3494.6564940037206,717,21,598,23,584,19,584,19,-14,-14,-4,-4,0,0,tie,tie,1,0,1,1,1,1,1,1
c2670_trojan6,c2670,c2670_trojan6,PASS,PASS,both_pass,1,531.05,2266.43,663.2494919467717,2316.2005230551586,717,21,737,32,735,31,717,21,-2,-20,-1,-11,18,10,dac25-inspired,dac25-inspired,1,0,1,1,1,1,1,1
c2670_trojan60,c2670,c2670_trojan60,PASS,PASS,both_pass,1,1082.64,5602.83,1242.995397071354,5699.338336009532,717,21,597,19,583,17,583,17,-14,-14,-2,-2,0,0,tie,tie,1,0,1,1,1,1,1,1
c2670_trojan61,c2670,c2670_trojan61,PASS,PASS,both_pass,1,681.646,5339.6,800.0759119167924,5451.48295594845,717,21,597,19,582,17,582,17,-15,-15,-2,-2,0,0,tie,tie,1,0,1,1,1,1,1,1
c2670_trojan62,c2670,c2670_trojan62,PASS,PASS,both_pass,1,1267.31,4637.48,1402.8832209296525,4765.499152941629,717,21,600,24,584,19,584,19,-16,-16,-5,-5,0,0,tie,tie,1,0,1,1,1,1,1,1
c2670_trojan63,c2670,c2670_trojan63,PASS,PASS,both_pass,1,914.732,3404.43,1057.0410479558632,3498.6876429757103,717,21,599,22,583,19,583,19,-16,-16,-3,-3,0,0,tie,tie,1,0,1,1,1,1,1,1
c2670_trojan64,c2670,c2670_trojan64,PASS,PASS,both_pass,1,916.221,3257.1,1048.500019009225,3345.0213079340756,717,21,599,23,583,19,583,19,-16,-16,-4,-4,0,0,tie,tie,1,0,1,1,1,1,1,1
c2670_trojan65,c2670,c2670_trojan65,PASS,PASS,both_pass,1,993.323,6120.52,1151.418872992508,6200.75939304661,717,21,594,23,582,19,582,19,-12,-12,-4,-4,0,0,tie,tie,1,0,1,1,1,1,1,1
c2670_trojan66,c2670,c2670_trojan66,PASS,PASS,both_pass,1,1350.58,4095.88,1503.6281819920987,4197.46704492718,717,21,600,24,584,19,584,19,-16,-16,-5,-5,0,0,tie,tie,1,0,1,1,1,1,1,1
c2670_trojan67,c2670,c2670_trojan67,PASS,PASS,both_pass,1,614.377,4933.78,750.0813349615782,5055.967819062062,717,21,599,19,583,18,583,18,-16,-16,-1,-1,0,0,tie,tie,1,0,1,1,1,1,1,1
c2670_trojan68,c2670,c2670_trojan68,PASS,PASS,both_pass,1,568.987,3426.36,696.7930579558015,3548.009858932346,717,21,593,20,581,18,581,18,-12,-12,-2,-2,0,0,tie,tie,1,0,1,1,1,1,1,1
c2670_trojan69,c2670,c2670_trojan69,PASS,PASS,both_pass,1,642.461,3642.27,796.4568510651588,3729.03646400664,717,21,602,18,585,17,585,17,-17,-17,-1,-1,0,0,tie,tie,1,0,1,1,1,1,1,1
c2670_trojan7,c2670,c2670_trojan7,PASS,PASS,both_pass,1,567.773,2582.78,668.5440900037065,2683.9802319882438,717,21,738,29,717,21,717,21,-21,-21,-8,-8,0,0,tie,tie,1,0,1,1,1,1,1,1
c2670_trojan70,c2670,c2670_trojan70,PASS,PASS,both_pass,1,573.454,8592.46,745.0569370994344,8710.1546600461,717,21,597,19,582,17,582,17,-15,-15,-2,-2,0,0,tie,tie,1,0,1,1,1,1,1,1
c2670_trojan71,c2670,c2670_trojan71,PASS,PASS,both_pass,1,938.255,3766.66,1097.6632329402491,3846.0423110518605,717,21,597,19,582,17,582,17,-15,-15,-2,-2,0,0,tie,tie,1,0,1,1,1,1,1,1
c2670_trojan72,c2670,c2670_trojan72,PASS,PASS,both_pass,1,460.428,4126.9,595.9465310443193,4254.512108978815,717,21,599,19,583,17,583,17,-16,-16,-2,-2,0,0,tie,tie,1,0,1,1,1,1,1,1
c2670_trojan73,c2670,c2670_trojan73,PASS,PASS,both_pass,1,622.656,8993.56,744.568285997957,9108.512777951546,717,21,596,19,582,17,582,17,-14,-14,-2,-2,0,0,tie,tie,1,0,1,1,1,1,1,1
c2670_trojan74,c2670,c2670_trojan74,PASS,PASS,both_pass,1,730.286,4293.26,897.4662239197642,4396.353542921133,717,21,598,19,583,17,583,17,-15,-15,-2,-2,0,0,tie,tie,1,0,1,1,1,1,1,1
c2670_trojan75,c2670,c2670_trojan75,PASS,PASS,both_pass,1,4251.66,4990.92,4427.777756005526,5106.7009379621595,717,21,597,25,582,19,582,19,-15,-15,-6,-6,0,0,tie,tie,1,0,1,1,1,1,1,1
c2670_trojan76,c2670,c2670_trojan76,PASS,PASS,both_pass,1,532.551,8151.32,698.455902049318,8254.098525037989,717,21,597,19,582,17,582,17,-15,-15,-2,-2,0,0,tie,tie,1,0,1,1,1,1,1,1
c2670_trojan77,c2670,c2670_trojan77,PASS,PASS,both_pass,1,549.125,3297.98,704.8734870040789,3397.232493967749,717,21,597,19,582,17,582,17,-15,-15,-2,-2,0,0,tie,tie,1,0,1,1,1,1,1,1
c2670_trojan78,c2670,c2670_trojan78,PASS,PASS,both_pass,1,3255.23,4281.1,3413.350126007572,4398.875081096776,717,21,600,25,584,19,584,19,-16,-16,-6,-6,0,0,tie,tie,1,0,1,1,1,1,1,1
c2670_trojan79,c2670,c2670_trojan79,PASS,PASS,both_pass,1,943.293,3250.08,1099.9127989634871,3346.649731975049,717,21,597,19,582,17,582,17,-15,-15,-2,-2,0,0,tie,tie,1,0,1,1,1,1,1,1
c2670_trojan8,c2670,c2670_trojan8,PASS,PASS,both_pass,1,638.485,2406.49,767.7850819891319,2461.8637410458177,717,21,736,29,717,21,717,21,-19,-19,-8,-8,0,0,tie,tie,1,0,1,1,1,1,1,1
c2670_trojan80,c2670,c2670_trojan80,PASS,PASS,both_pass,1,1045.96,4440.62,1199.1779339732602,4550.365078030154,717,21,599,19,583,17,583,17,-16,-16,-2,-2,0,0,tie,tie,1,0,1,1,1,1,1,1
c2670_trojan81,c2670,c2670_trojan81,PASS,PASS,both_pass,1,1771.66,3343.6,1898.1865610694513,3447.3531499970704,717,21,596,19,582,17,582,17,-14,-14,-2,-2,0,0,tie,tie,1,0,1,1,1,1,1,1
c2670_trojan82,c2670,c2670_trojan82,PASS,PASS,both_pass,1,528.627,5330.04,645.5905920593068,5450.990571989678,717,21,599,19,584,17,584,17,-15,-15,-2,-2,0,0,tie,tie,1,0,1,1,1,1,1,1
c2670_trojan83,c2670,c2670_trojan83,PASS,PASS,both_pass,1,1264.63,6096.93,1402.6020399760455,6201.33445400279,717,21,599,24,583,19,583,19,-16,-16,-5,-5,0,0,tie,tie,1,0,1,1,1,1,1,1
c2670_trojan84,c2670,c2670_trojan84,PASS,PASS,both_pass,1,743.324,6610.27,895.3886610688642,6708.061476005241,717,21,598,19,583,17,583,17,-15,-15,-2,-2,0,0,tie,tie,1,0,1,1,1,1,1,1
c2670_trojan85,c2670,c2670_trojan85,PASS,PASS,both_pass,1,598.669,3338.75,743.4494700282812,3447.8729700203985,717,21,597,19,582,17,582,17,-15,-15,-2,-2,0,0,tie,tie,1,0,1,1,1,1,1,1
c2670_trojan86,c2670,c2670_trojan86,PASS,PASS,both_pass,1,701.184,4573.38,845.8452669437975,4655.934887938201,717,21,597,19,581,18,581,18,-16,-16,-1,-1,0,0,tie,tie,1,0,1,1,1,1,1,1
c2670_trojan87,c2670,c2670_trojan87,PASS,PASS,both_pass,1,581.139,3827.46,743.4376960154623,3950.11383399833,717,21,598,19,583,17,583,17,-15,-15,-2,-2,0,0,tie,tie,1,0,1,1,1,1,1,1
c2670_trojan88,c2670,c2670_trojan88,PASS,PASS,both_pass,1,586.335,2593.73,747.6637839572504,2695.163888973184,717,21,599,19,584,17,584,17,-15,-15,-2,-2,0,0,tie,tie,1,0,1,1,1,1,1,1
c2670_trojan89,c2670,c2670_trojan89,PASS,PASS,both_pass,1,611.471,3854.7,747.2759940428659,3947.4260460119694,717,21,597,19,581,18,581,18,-16,-16,-1,-1,0,0,tie,tie,1,0,1,1,1,1,1,1
c2670_trojan9,c2670,c2670_trojan9,PASS,PASS,both_pass,1,450.465,2687.57,567.7174169104546,2770.2870429493487,717,21,738,33,717,21,717,21,-21,-21,-12,-12,0,0,tie,tie,1,0,1,1,1,1,1,1
c2670_trojan90,c2670,c2670_trojan90,PASS,PASS,both_pass,1,723.446,3925.47,943.1480050552636,4104.833841091022,717,21,597,19,582,18,582,18,-15,-15,-1,-1,0,0,tie,tie,1,0,1,1,1,1,1,1
c2670_trojan91,c2670,c2670_trojan91,PASS,PASS,both_pass,1,1376.47,3910.43,1561.3603290403262,3997.6579539943486,717,21,598,23,582,19,582,19,-16,-16,-4,-4,0,0,tie,tie,1,0,1,1,1,1,1,1
c2670_trojan92,c2670,c2670_trojan92,PASS,PASS,both_pass,1,869.902,3336.61,996.6180300107226,3448.756437981501,717,21,597,23,582,19,582,19,-15,-15,-4,-4,0,0,tie,tie,1,0,1,1,1,1,1,1
c2670_trojan93,c2670,c2670_trojan93,PASS,PASS,both_pass,1,647.84,4624.75,793.403789983131,4723.634032998234,717,21,597,19,582,18,582,18,-15,-15,-1,-1,0,0,tie,tie,1,0,1,1,1,1,1,1
c2670_trojan94,c2670,c2670_trojan94,PASS,PASS,both_pass,1,669.674,5243.97,793.8319020904601,5371.791408048011,717,21,598,19,583,17,583,17,-15,-15,-2,-2,0,0,tie,tie,1,0,1,1,1,1,1,1
c2670_trojan95,c2670,c2670_trojan95,PASS,PASS,both_pass,1,573.924,5005.67,744.3749629892409,5100.88502697181,717,21,598,19,583,17,583,17,-15,-15,-2,-2,0,0,tie,tie,1,0,1,1,1,1,1,1
c2670_trojan96,c2670,c2670_trojan96,PASS,PASS,both_pass,1,1221.99,3110.98,1347.18697599601,3196.630659047514,717,21,598,23,583,19,583,19,-15,-15,-4,-4,0,0,tie,tie,1,0,1,1,1,1,1,1
c2670_trojan97,c2670,c2670_trojan97,PASS,PASS,both_pass,1,797.235,3261.62,948.5620129853487,3345.1195030938834,717,21,600,23,584,19,584,19,-16,-16,-4,-4,0,0,tie,tie,1,0,1,1,1,1,1,1
c2670_trojan98,c2670,c2670_trojan98,PASS,PASS,both_pass,1,982.508,4195.86,1145.2433010563254,4300.920662935823,717,21,597,19,581,18,581,18,-16,-16,-1,-1,0,0,tie,tie,1,0,1,1,1,1,1,1
c2670_trojan99,c2670,c2670_trojan99,PASS,PASS,both_pass,1,865.261,8771.94,1002.2959150373936,8864.975264994428,717,21,597,19,582,17,582,17,-15,-15,-2,-2,0,0,tie,tie,1,0,1,1,1,1,1,1
c3540_trojan0,c3540,c3540_trojan0,PASS,PASS,both_pass,1,4690.69,8563.32,4827.4817620404065,8623.469849932007,1038,41,1043,41,1038,41,1038,41,-5,-5,0,0,0,0,tie,tie,1,2,1,1,1,1,1,1
c3540_trojan1,c3540,c3540_trojan1,PASS,PASS,both_pass,1,2078.97,6253.24,2217.189508024603,6324.980503995903,1038,41,1043,41,1038,41,1038,41,-5,-5,0,0,0,0,tie,tie,1,0,1,1,1,1,1,1
c3540_trojan10,c3540,c3540_trojan10,PASS,PASS,both_pass,1,2890.02,7392.3,3021.5988549171016,7478.271742002107,1038,41,1043,41,1038,41,1038,41,-5,-5,0,0,0,0,tie,tie,1,0,1,1,1,1,1,1
c3540_trojan11,c3540,c3540_trojan11,PASS,PASS,both_pass,1,6239.25,6126.78,6388.072989997454,6225.185187999159,1038,41,1043,41,1038,41,1038,41,-5,-5,0,0,0,0,tie,tie,1,0,1,1,1,1,1,1
c3540_trojan12,c3540,c3540_trojan12,PASS,PASS,both_pass,1,997.412,7279.53,1126.4883080730215,7364.846427924931,1038,41,1043,41,1038,41,1038,41,-5,-5,0,0,0,0,tie,tie,1,0,1,1,1,1,1,1
c3540_trojan13,c3540,c3540_trojan13,PASS,PASS,both_pass,1,851.987,7122.59,966.235407977365,7180.136856040917,1038,41,1043,41,1038,41,1038,41,-5,-5,0,0,0,0,tie,tie,1,0,1,1,1,1,1,1
c3540_trojan14,c3540,c3540_trojan14,PASS,PASS,both_pass,1,2239.46,8501.63,2367.704865988344,8570.418518036604,1038,41,1042,41,1038,41,1038,41,-4,-4,0,0,0,0,tie,tie,1,1,1,1,1,1,1,1
c3540_trojan15,c3540,c3540_trojan15,PASS,PASS,both_pass,1,2277.58,6850.14,2424.493509926833,6920.3990889946,1038,41,1043,41,1038,41,1038,41,-5,-5,0,0,0,0,tie,tie,1,2,1,1,1,1,1,1
c3540_trojan16,c3540,c3540_trojan16,PASS,PASS,both_pass,1,741.766,6322.98,867.9377309745178,6391.6746960021555,1038,41,1043,44,1038,41,1038,41,-5,-5,-3,-3,0,0,tie,tie,1,2,1,1,1,1,1,1
c3540_trojan17,c3540,c3540_trojan17,PASS,PASS,both_pass,1,5498.56,6730.61,5630.486121983267,6794.950759969652,1038,41,1043,41,1038,41,1038,41,-5,-5,0,0,0,0,tie,tie,1,0,1,1,1,1,1,1
c3540_trojan18,c3540,c3540_trojan18,PASS,PASS,both_pass,1,4471.85,7345.29,4623.097446979955,7423.536103917286,1038,41,1043,41,1038,41,1038,41,-5,-5,0,0,0,0,tie,tie,1,0,1,1,1,1,1,1
c3540_trojan19,c3540,c3540_trojan19,PASS,PASS,both_pass,1,621.195,5202.72,711.8589140009135,5267.709300038405,1038,41,1043,41,1038,41,1038,41,-5,-5,0,0,0,0,tie,tie,1,2,1,1,1,1,1,1
c3540_trojan2,c3540,c3540_trojan2,PASS,PASS,both_pass,1,6513.93,7045.49,6682.647557929158,7123.136651003733,1038,41,1043,41,1038,41,1038,41,-5,-5,0,0,0,0,tie,tie,1,0,1,1,1,1,1,1
c3540_trojan20,c3540,c3540_trojan20,PASS,PASS,both_pass,1,2227.72,5887.66,2320.040418067947,5972.111718030646,1038,41,1043,41,1038,41,1038,41,-5,-5,0,0,0,0,tie,tie,1,2,1,1,1,1,1,1
c3540_trojan21,c3540,c3540_trojan21,PASS,PASS,both_pass,1,2785.21,6754.56,2916.1734889494255,6827.866284060292,1038,41,1043,41,1038,41,1038,41,-5,-5,0,0,0,0,tie,tie,1,0,1,1,1,1,1,1
c3540_trojan22,c3540,c3540_trojan22,PASS,PASS,both_pass,1,2079.97,6332.8,2168.7774980673566,6423.70856704656,1038,41,1043,42,1038,41,1038,41,-5,-5,-1,-1,0,0,tie,tie,1,0,1,1,1,1,1,1
c3540_trojan23,c3540,c3540_trojan23,PASS,PASS,both_pass,1,2189.49,9435.35,2317.6126409089193,9527.118127909489,1038,41,1043,41,1038,41,1038,41,-5,-5,0,0,0,0,tie,tie,1,1,1,1,1,1,1,1
c3540_trojan24,c3540,c3540_trojan24,PASS,PASS,both_pass,1,3569.18,5071.31,3671.5381121030077,5168.098553083837,1038,41,1043,41,1038,41,1038,41,-5,-5,0,0,0,0,tie,tie,1,0,1,1,1,1,1,1
c3540_trojan25,c3540,c3540_trojan25,PASS,PASS,both_pass,1,603.049,7090.35,715.537212905474,7174.515594029799,1038,41,1043,42,1038,41,1038,41,-5,-5,-1,-1,0,0,tie,tie,1,0,1,1,1,1,1,1
c3540_trojan26,c3540,c3540_trojan26,PASS,PASS,both_pass,1,838.93,7636.48,967.1318620676175,7726.2381908949465,1038,41,1043,41,1038,41,1038,41,-5,-5,0,0,0,0,tie,tie,1,0,1,1,1,1,1,1
c3540_trojan27,c3540,c3540_trojan27,PASS,PASS,both_pass,1,1544.37,7991.37,1666.7979549383745,8074.212769977748,1038,41,1043,41,1038,41,1038,41,-5,-5,0,0,0,0,tie,tie,1,1,1,1,1,1,1,1
c3540_trojan28,c3540,c3540_trojan28,PASS,PASS,both_pass,1,1919.91,6633.4,2021.9230139628053,6723.6438220134005,1038,41,1043,41,1038,41,1038,41,-5,-5,0,0,0,0,tie,tie,1,2,1,1,1,1,1,1
c3540_trojan29,c3540,c3540_trojan29,PASS,PASS,both_pass,1,729.021,8964.99,814.9146580835804,9025.5411620019,1038,41,1043,41,1038,41,1038,41,-5,-5,0,0,0,0,tie,tie,1,0,1,1,1,1,1,1
c3540_trojan3,c3540,c3540_trojan3,PASS,PASS,both_pass,1,2017.23,6683.63,2166.7415209813043,6772.106081945822,1038,41,1043,45,1038,41,1038,41,-5,-5,-4,-4,0,0,tie,tie,1,0,1,1,1,1,1,1
c3540_trojan30,c3540,c3540_trojan30,PASS,PASS,both_pass,1,1739.08,7133.69,1866.3626089692116,7224.349444033578,1038,41,1043,41,1038,41,1038,41,-5,-5,0,0,0,0,tie,tie,1,0,1,1,1,1,1,1
c3540_trojan31,c3540,c3540_trojan31,PASS,PASS,both_pass,1,2626.78,5970.5,2730.5122860707343,6022.931645973586,1038,41,1043,41,1038,41,1038,41,-5,-5,0,0,0,0,tie,tie,1,2,1,1,1,1,1,1
c3540_trojan32,c3540,c3540_trojan32,PASS,PASS,both_pass,1,2011.93,7363.41,2114.871579920873,7421.9117449829355,1038,41,1043,41,1038,41,1038,41,-5,-5,0,0,0,0,tie,tie,1,2,1,1,1,1,1,1
c3540_trojan33,c3540,c3540_trojan33,PASS,PASS,both_pass,1,826.74,6713.44,913.5792260058224,6768.954723025672,1038,41,1043,41,1038,41,1038,41,-5,-5,0,0,0,0,tie,tie,1,2,1,1,1,1,1,1
c3540_trojan34,c3540,c3540_trojan34,PASS,PASS,both_pass,1,1083.5,6870.14,1214.4704479724169,6922.87623102311,1038,41,1043,41,1038,41,1038,41,-5,-5,0,0,0,0,tie,tie,1,2,1,1,1,1,1,1
c3540_trojan35,c3540,c3540_trojan35,PASS,PASS,both_pass,1,4584.76,6877.02,4729.611012036912,6978.035718901083,1038,41,1043,41,1038,41,1038,41,-5,-5,0,0,0,0,tie,tie,1,2,1,1,1,1,1,1
c3540_trojan36,c3540,c3540_trojan36,PASS,PASS,both_pass,1,7159.26,6854.01,7330.945785040967,6920.071353088133,1038,41,1043,41,1038,41,1038,41,-5,-5,0,0,0,0,tie,tie,1,0,1,1,1,1,1,1
c3540_trojan37,c3540,c3540_trojan37,PASS,PASS,both_pass,1,1271.64,6522.44,1369.7272869758308,6573.064771015197,1038,41,1043,41,1038,41,1038,41,-5,-5,0,0,0,0,tie,tie,1,2,1,1,1,1,1,1
c3540_trojan38,c3540,c3540_trojan38,PASS,PASS,both_pass,1,672.625,7385.51,760.4775470681489,7474.013074068353,1038,41,1043,41,1038,41,1038,41,-5,-5,0,0,0,0,tie,tie,1,2,1,1,1,1,1,1
c3540_trojan39,c3540,c3540_trojan39,PASS,PASS,both_pass,1,1796.32,6212.01,1923.5827330267057,6272.920401999727,1038,41,1043,41,1038,41,1038,41,-5,-5,0,0,0,0,tie,tie,1,0,1,1,1,1,1,1
c3540_trojan4,c3540,c3540_trojan4,PASS,PASS,both_pass,1,2505.35,5964.41,2622.6945160888135,6019.63280106429,1038,41,1043,41,1038,41,1038,41,-5,-5,0,0,0,0,tie,tie,1,0,1,1,1,1,1,1
c3540_trojan40,c3540,c3540_trojan40,PASS,PASS,both_pass,1,9436.45,8347.25,9589.243611088023,8424.417696078308,1038,41,1043,41,1038,41,1038,41,-5,-5,0,0,0,0,tie,tie,1,0,1,1,1,1,1,1
c3540_trojan41,c3540,c3540_trojan41,PASS,PASS,both_pass,1,853.983,10464.7,977.6758400257677,10527.633683988824,1038,41,1043,41,1038,41,1038,41,-5,-5,0,0,0,0,tie,tie,1,0,1,1,1,1,1,1
c3540_trojan42,c3540,c3540_trojan42,PASS,PASS,both_pass,1,5804.71,5191.8,5932.267238036729,5268.657589098439,1038,41,1041,41,1044,41,1038,41,3,-3,0,0,6,0,dac25-inspired,tie,1,0,1,1,1,1,1,1
c3540_trojan43,c3540,c3540_trojan43,PASS,PASS,both_pass,1,2143.06,5738.69,2272.488243994303,5820.162749965675,1038,41,1043,41,1038,41,1038,41,-5,-5,0,0,0,0,tie,tie,1,0,1,1,1,1,1,1
c3540_trojan44,c3540,c3540_trojan44,PASS,PASS,both_pass,1,1026.45,8393.61,1166.6935819666833,8473.007092019543,1038,41,1043,41,1038,41,1038,41,-5,-5,0,0,0,0,tie,tie,1,0,1,1,1,1,1,1
c3540_trojan45,c3540,c3540_trojan45,PASS,PASS,both_pass,1,3893.36,5992.01,4034.404444973916,6071.64036296308,1038,41,1043,41,1038,41,1038,41,-5,-5,0,0,0,0,tie,tie,1,0,1,1,1,1,1,1
c3540_trojan46,c3540,c3540_trojan46,PASS,PASS,both_pass,1,1932.78,4418.82,2068.686057929881,4517.759819980711,1038,41,1042,41,1048,41,1038,41,6,-4,0,0,10,0,dac25-inspired,tie,1,0,1,1,1,1,1,1
c3540_trojan47,c3540,c3540_trojan47,PASS,PASS,both_pass,1,2861.86,6621.03,2980.0001019611955,6670.938413939439,1038,41,1043,41,1038,41,1038,41,-5,-5,0,0,0,0,tie,tie,1,2,1,1,1,1,1,1
c3540_trojan48,c3540,c3540_trojan48,PASS,PASS,both_pass,1,1611.01,5706.97,1728.379733976908,5768.827773979865,1038,41,1043,41,1038,41,1038,41,-5,-5,0,0,0,0,tie,tie,1,0,1,1,1,1,1,1
c3540_trojan49,c3540,c3540_trojan49,PASS,PASS,both_pass,1,1766.89,9223.49,1863.8295290293172,9274.154250975698,1038,41,1043,41,1038,41,1038,41,-5,-5,0,0,0,0,tie,tie,1,0,1,1,1,1,1,1
c3540_trojan5,c3540,c3540_trojan5,PASS,PASS,both_pass,1,6324.52,5586.28,6479.10607594531,5673.583226045594,1038,41,1043,41,1038,41,1038,41,-5,-5,0,0,0,0,tie,tie,1,0,1,1,1,1,1,1
c3540_trojan50,c3540,c3540_trojan50,PASS,PASS,both_pass,1,3695.92,44659.2,3906.704948982224,44818.48313403316,1038,41,953,33,949,33,949,33,-4,-4,0,0,0,0,tie,tie,1,0,1,1,1,1,1,1
c3540_trojan51,c3540,c3540_trojan51,PASS,PASS,both_pass,1,4236.03,29267.5,4456.028235028498,29407.398684998043,1038,41,953,33,947,33,949,35,-6,-4,0,2,-2,-2,z3-pb-formal,z3-pb-formal,1,3,2,1,1,1,1,1
c3540_trojan52,c3540,c3540_trojan52,PASS,PASS,both_pass,1,17665.2,49473.9,17956.24220999889,49639.53083695378,1038,41,954,33,947,33,954,33,-7,0,0,0,-7,0,z3-pb-formal,tie,1,2,1,1,1,1,1,1
c3540_trojan53,c3540,c3540_trojan53,PASS,PASS,both_pass,1,3590.54,26020.6,3800.979118095711,26188.319789012894,1038,41,953,31,947,31,947,31,-6,-6,0,0,0,0,tie,tie,1,2,1,1,1,1,1,1
c3540_trojan54,c3540,c3540_trojan54,PASS,PASS,both_pass,1,7260.71,50560.9,7466.189960949123,50722.35095896758,1038,41,954,33,947,33,949,35,-7,-5,0,2,-2,-2,z3-pb-formal,z3-pb-formal,1,3,2,1,1,1,1,1
c3540_trojan55,c3540,c3540_trojan55,PASS,PASS,both_pass,1,12330.1,37428.7,12581.387454993092,37606.171491905116,1038,41,954,33,947,33,947,33,-7,-7,0,0,0,0,tie,tie,1,3,2,1,1,1,1,1
c3540_trojan56,c3540,c3540_trojan56,PASS,PASS,both_pass,1,2158.57,26244.7,2350.099978968501,26387.221813900396,1038,41,953,33,948,33,948,33,-5,-5,0,0,0,0,tie,tie,1,0,1,1,1,1,1,1
c3540_trojan57,c3540,c3540_trojan57,PASS,PASS,both_pass,1,2131.36,28523.3,2349.634603015147,28699.841925990768,1038,41,953,33,947,33,947,33,-6,-6,0,0,0,0,tie,tie,1,0,1,1,1,1,1,1
c3540_trojan58,c3540,c3540_trojan58,PASS,PASS,both_pass,1,2918.15,46203.6,3105.186230968684,46374.45619702339,1038,41,953,33,947,33,947,33,-6,-6,0,0,0,0,tie,tie,1,3,2,1,1,1,1,1
c3540_trojan59,c3540,c3540_trojan59,PASS,PASS,both_pass,1,3230.96,33216.6,3454.460824956186,33401.11761598382,1038,41,953,33,947,33,947,33,-6,-6,0,0,0,0,tie,tie,1,0,1,1,1,1,1,1
c3540_trojan6,c3540,c3540_trojan6,PASS,PASS,both_pass,1,683.108,6037.97,830.3570830030367,6323.915443033911,1038,41,1042,41,1038,41,1038,41,-4,-4,0,0,0,0,tie,tie,1,0,1,1,1,1,1,1
c3540_trojan60,c3540,c3540_trojan60,PASS,PASS,both_pass,1,4316.13,77834.9,4509.962511016056,77982.22136299592,1038,41,954,33,948,33,955,33,-6,1,0,0,-7,0,z3-pb-formal,tie,1,2,2,1,1,1,1,1
c3540_trojan61,c3540,c3540_trojan61,PASS,PASS,both_pass,1,13831.7,47719.7,14084.881969029084,47875.639987993054,1038,41,954,33,947,33,949,35,-7,-5,0,2,-2,-2,z3-pb-formal,z3-pb-formal,1,3,2,1,1,1,1,1
c3540_trojan62,c3540,c3540_trojan62,PASS,PASS,both_pass,1,1829.53,44367.2,2050.528763909824,44516.4715439314,1038,41,953,33,948,33,956,35,-5,3,0,2,-8,-2,z3-pb-formal,z3-pb-formal,1,2,1,1,1,1,1,1
c3540_trojan63,c3540,c3540_trojan63,PASS,PASS,both_pass,1,2729.38,36173.0,2908.5325399646536,36303.31626802217,1038,41,954,33,948,33,948,33,-6,-6,0,0,0,0,tie,tie,1,2,1,1,1,1,1,1
c3540_trojan64,c3540,c3540_trojan64,PASS,PASS,both_pass,1,3234.23,43545.8,3456.297571072355,43713.953822967596,1038,41,953,33,947,33,947,33,-6,-6,0,0,0,0,tie,tie,1,0,1,1,1,1,1,1
c3540_trojan65,c3540,c3540_trojan65,PASS,PASS,both_pass,1,5336.54,52532.6,5565.9216900821775,52687.273825053126,1038,41,954,33,949,33,953,33,-5,-1,0,0,-4,0,z3-pb-formal,tie,1,3,3,1,1,1,1,1
c3540_trojan66,c3540,c3540_trojan66,PASS,PASS,both_pass,1,7337.75,26439.0,7566.321911057457,26594.263309030794,1038,41,954,31,947,31,947,31,-7,-7,0,0,0,0,tie,tie,1,2,1,1,1,1,1,1
c3540_trojan67,c3540,c3540_trojan67,PASS,PASS,both_pass,1,10934.0,46811.0,11180.60596997384,46983.801809023134,1038,41,954,33,948,33,948,33,-6,-6,0,0,0,0,tie,tie,1,2,1,1,1,1,1,1
c3540_trojan68,c3540,c3540_trojan68,PASS,PASS,both_pass,1,15595.3,47031.7,15859.925842029043,47184.500853996724,1038,41,954,33,947,33,947,33,-7,-7,0,0,0,0,tie,tie,1,3,2,1,1,1,1,1
c3540_trojan69,c3540,c3540_trojan69,PASS,PASS,both_pass,1,1268.42,71867.3,1454.2508280137554,72196.65644608904,1038,41,954,33,949,33,949,33,-5,-5,0,0,0,0,tie,tie,1,3,2,1,1,1,1,1
c3540_trojan7,c3540,c3540_trojan7,PASS,PASS,both_pass,1,1536.23,7952.63,1672.6742699975148,8034.8000570666045,1038,41,1043,41,1038,41,1038,41,-5,-5,0,0,0,0,tie,tie,1,1,1,1,1,1,1,1
c3540_trojan70,c3540,c3540_trojan70,PASS,PASS,both_pass,1,2840.08,52655.4,3015.207475051284,52799.449265003204,1038,41,953,33,949,33,953,33,-4,0,0,0,-4,0,z3-pb-formal,tie,1,2,1,1,1,1,1,1
c3540_trojan71,c3540,c3540_trojan71,PASS,PASS,both_pass,1,2605.27,93484.7,2806.118100997992,93662.8780689789,1038,41,954,33,947,33,955,33,-7,1,0,0,-8,0,z3-pb-formal,tie,1,2,2,1,1,1,1,1
c3540_trojan72,c3540,c3540_trojan72,PASS,PASS,both_pass,1,2713.89,36381.3,2900.5915940506384,36563.990307971835,1038,41,948,33,946,33,946,33,-2,-2,0,0,0,0,tie,tie,1,2,1,1,1,1,1,1
c3540_trojan73,c3540,c3540_trojan73,PASS,PASS,both_pass,1,2770.05,33318.7,2957.6644300250337,33453.69395101443,1038,41,953,33,947,33,949,35,-6,-4,0,2,-2,-2,z3-pb-formal,z3-pb-formal,1,3,2,1,1,1,1,1
c3540_trojan74,c3540,c3540_trojan74,PASS,PASS,both_pass,1,4416.84,28575.8,4611.967641976662,28741.59298010636,1038,41,953,33,947,33,956,35,-6,3,0,2,-9,-2,z3-pb-formal,z3-pb-formal,1,3,2,1,1,1,1,1
c3540_trojan75,c3540,c3540_trojan75,PASS,PASS,both_pass,1,1385.06,22319.3,1596.072428044863,22480.02982698381,1038,41,949,33,946,33,946,33,-3,-3,0,0,0,0,tie,tie,1,2,1,1,1,1,1,1
c3540_trojan76,c3540,c3540_trojan76,PASS,PASS,both_pass,1,1842.97,40627.3,2056.599491974339,40765.02294605598,1038,41,953,33,948,33,948,33,-5,-5,0,0,0,0,tie,tie,1,2,1,1,1,1,1,1
c3540_trojan77,c3540,c3540_trojan77,PASS,PASS,both_pass,1,2588.84,36706.9,2800.698978942819,36863.2180619752,1038,41,953,33,947,33,947,33,-6,-6,0,0,0,0,tie,tie,1,3,2,1,1,1,1,1
c3540_trojan78,c3540,c3540_trojan78,PASS,PASS,both_pass,1,847.609,40440.7,1050.4790099803358,40614.87303394824,1038,41,953,33,949,33,952,33,-4,-1,0,0,-3,0,z3-pb-formal,tie,1,3,3,1,1,1,1,1
c3540_trojan79,c3540,c3540_trojan79,PASS,PASS,both_pass,1,2969.21,46991.5,3155.931298970245,47124.444533954374,1038,41,954,33,947,33,947,33,-7,-7,0,0,0,0,tie,tie,1,3,2,1,1,1,1,1
c3540_trojan8,c3540,c3540_trojan8,PASS,PASS,both_pass,1,3359.82,6118.71,3484.7710230387747,6169.982307008468,1038,41,1043,41,1038,41,1038,41,-5,-5,0,0,0,0,tie,tie,1,0,1,1,1,1,1,1
c3540_trojan80,c3540,c3540_trojan80,PASS,PASS,both_pass,1,2671.58,38607.0,2856.0133039718494,38771.571930963546,1038,41,954,33,947,33,949,35,-7,-5,0,2,-2,-2,z3-pb-formal,z3-pb-formal,1,3,2,1,1,1,1,1
c3540_trojan81,c3540,c3540_trojan81,PASS,PASS,both_pass,1,7253.62,29944.0,7469.380885013379,30075.834232964553,1038,41,954,33,949,33,951,35,-5,-3,0,2,-2,-2,z3-pb-formal,z3-pb-formal,1,3,2,1,1,1,1,1
c3540_trojan82,c3540,c3540_trojan82,PASS,PASS,both_pass,1,3326.39,41239.1,3503.2159379916266,41372.21831304487,1038,41,954,33,949,33,952,33,-5,-2,0,0,-3,0,z3-pb-formal,tie,1,2,1,1,1,1,1,1
c3540_trojan83,c3540,c3540_trojan83,PASS,PASS,both_pass,1,910.151,43639.1,1093.960655038245,43798.19945001509,1038,41,954,33,949,33,949,33,-5,-5,0,0,0,0,tie,tie,1,0,1,1,1,1,1,1
c3540_trojan84,c3540,c3540_trojan84,PASS,PASS,both_pass,1,1973.85,29216.8,2155.1121859811246,29359.623190015554,1038,41,954,33,949,33,951,35,-5,-3,0,2,-2,-2,z3-pb-formal,z3-pb-formal,1,3,2,1,1,1,1,1
c3540_trojan85,c3540,c3540_trojan85,PASS,PASS,both_pass,1,544.988,49894.0,747.6351929362863,50045.74132000562,1038,41,955,33,949,33,949,33,-6,-6,0,0,0,0,tie,tie,1,0,1,1,1,1,1,1
c3540_trojan86,c3540,c3540_trojan86,PASS,PASS,both_pass,1,21703.5,40595.8,22019.452204927802,40758.29892500769,1038,41,954,33,947,33,949,35,-7,-5,0,2,-2,-2,z3-pb-formal,z3-pb-formal,1,3,2,1,1,1,1,1
c3540_trojan87,c3540,c3540_trojan87,PASS,PASS,both_pass,1,1515.94,53149.9,1708.9413750218228,53323.91477096826,1038,41,954,33,949,33,953,33,-5,-1,0,0,-4,0,z3-pb-formal,tie,1,3,3,1,1,1,1,1
c3540_trojan88,c3540,c3540_trojan88,PASS,PASS,both_pass,1,1873.9,37454.2,2056.676165899262,37618.96756105125,1038,41,954,33,949,33,949,33,-5,-5,0,0,0,0,tie,tie,1,3,2,1,1,1,1,1
c3540_trojan89,c3540,c3540_trojan89,PASS,PASS,both_pass,1,3265.51,49127.8,3458.141973009333,49280.750643927604,1038,41,954,33,948,33,955,33,-6,1,0,0,-7,0,z3-pb-formal,tie,1,2,2,1,1,1,1,1
c3540_trojan9,c3540,c3540_trojan9,PASS,PASS,both_pass,1,1978.67,5187.29,2067.8210159530863,5281.453332048841,1038,41,1043,41,1038,41,1038,41,-5,-5,0,0,0,0,tie,tie,1,0,1,1,1,1,1,1
c3540_trojan90,c3540,c3540_trojan90,PASS,PASS,both_pass,1,17055.1,35655.1,17395.49400098622,35808.133621001616,1038,41,954,33,947,33,954,33,-7,0,0,0,-7,0,z3-pb-formal,tie,1,2,1,1,1,1,1,1
c3540_trojan91,c3540,c3540_trojan91,PASS,PASS,both_pass,1,742.747,61751.8,959.3671039910987,61900.666124070995,1038,41,951,33,947,33,949,35,-4,-2,0,2,-2,-2,z3-pb-formal,z3-pb-formal,1,3,2,1,1,1,1,1
c3540_trojan92,c3540,c3540_trojan92,PASS,PASS,both_pass,1,6842.61,53289.7,7023.083672043867,53438.98397695739,1038,41,952,33,955,33,947,33,3,-5,0,0,8,0,dac25-inspired,tie,1,1,1,1,1,1,1,1
c3540_trojan93,c3540,c3540_trojan93,PASS,PASS,both_pass,1,3413.08,29173.5,3605.2767160581425,29343.893422046676,1038,41,955,33,949,33,958,35,-6,3,0,2,-9,-2,z3-pb-formal,z3-pb-formal,1,2,1,1,1,1,1,1
c3540_trojan94,c3540,c3540_trojan94,PASS,PASS,both_pass,1,3050.46,44916.7,3251.1280820472166,45066.49637699593,1038,41,955,33,949,33,949,33,-6,-6,0,0,0,0,tie,tie,1,2,1,1,1,1,1,1
c3540_trojan95,c3540,c3540_trojan95,PASS,PASS,both_pass,1,4739.34,33280.8,4966.048784088343,33450.11525892187,1038,41,953,33,948,33,948,33,-5,-5,0,0,0,0,tie,tie,1,0,1,1,1,1,1,1
c3540_trojan96,c3540,c3540_trojan96,PASS,PASS,both_pass,1,2336.31,51480.7,2508.4280759328976,51632.6429300243,1038,41,952,33,955,33,947,33,3,-5,0,0,8,0,dac25-inspired,tie,1,1,1,1,1,1,1,1
c3540_trojan97,c3540,c3540_trojan97,PASS,PASS,both_pass,1,3874.22,69999.1,4061.3605190301314,70133.93852906302,1038,41,954,33,949,33,951,35,-5,-3,0,2,-2,-2,z3-pb-formal,z3-pb-formal,1,3,2,1,1,1,1,1
c3540_trojan98,c3540,c3540_trojan98,PASS,PASS,both_pass,1,2413.6,43114.8,2605.3716010646895,43268.50945397746,1038,41,954,33,948,33,957,35,-6,3,0,2,-9,-2,z3-pb-formal,z3-pb-formal,1,2,1,1,1,1,1,1
c3540_trojan99,c3540,c3540_trojan99,PASS,PASS,both_pass,1,3165.13,42607.6,3355.6661560432985,42765.73235995602,1038,41,954,33,947,33,949,35,-7,-5,0,2,-2,-2,z3-pb-formal,z3-pb-formal,1,3,2,1,1,1,1,1
c5315_trojan0,c5315,c5315_trojan0,PASS,PASS,both_pass,1,17964.9,4312.92,18190.048833959736,4368.11051692348,1773,38,1778,43,1773,38,1773,38,-5,-5,-5,-5,0,0,tie,tie,1,0,1,1,1,1,1,1
c5315_trojan1,c5315,c5315_trojan1,PASS,PASS,both_pass,1,25241.6,3686.08,25555.840457091108,3766.623102943413,1773,38,1778,38,1773,38,1773,38,-5,-5,0,0,0,0,tie,tie,1,3,1,1,1,1,1,1
c5315_trojan10,c5315,c5315_trojan10,PASS,PASS,both_pass,1,29528.8,4646.55,29838.524186983705,4719.108105986379,1773,38,1778,43,1773,38,1773,38,-5,-5,-5,-5,0,0,tie,tie,1,0,1,1,1,1,1,1
c5315_trojan11,c5315,c5315_trojan11,PASS,PASS,both_pass,1,7987.8,4173.63,8139.598418958485,4267.945133964531,1773,38,1778,44,1773,38,1773,38,-5,-5,-6,-6,0,0,tie,tie,1,0,1,1,1,1,1,1
c5315_trojan12,c5315,c5315_trojan12,PASS,PASS,both_pass,1,15175.2,4674.2,15383.087077061646,4770.315203000791,1773,38,1780,46,1773,38,1773,38,-7,-7,-8,-8,0,0,tie,tie,1,0,1,1,1,1,1,1
c5315_trojan13,c5315,c5315_trojan13,PASS,PASS,both_pass,1,6514.35,4796.12,6642.504447954707,4853.706289082766,1773,38,1778,43,1773,38,1773,38,-5,-5,-5,-5,0,0,tie,tie,1,0,1,1,1,1,1,1
c5315_trojan14,c5315,c5315_trojan14,PASS,PASS,both_pass,1,29033.0,4005.99,29392.51483406406,4066.840226063505,1773,38,1778,44,1773,38,1773,38,-5,-5,-6,-6,0,0,tie,tie,1,0,1,1,1,1,1,1
c5315_trojan15,c5315,c5315_trojan15,PASS,PASS,both_pass,1,6044.38,4007.65,6186.102621955797,4068.2308020768687,1773,38,1778,38,1773,38,1773,38,-5,-5,0,0,0,0,tie,tie,1,3,1,1,1,1,1,1
c5315_trojan16,c5315,c5315_trojan16,PASS,PASS,both_pass,1,99586.4,4167.93,99800.71729409974,4217.775544966571,1773,38,1778,42,1773,38,1773,38,-5,-5,-4,-4,0,0,tie,tie,1,0,1,1,1,1,1,1
c5315_trojan17,c5315,c5315_trojan17,PASS,PASS,both_pass,1,635.04,3949.08,771.1362260160968,4018.8232990913093,1773,38,1778,38,1773,38,1773,38,-5,-5,0,0,0,0,tie,tie,1,3,1,1,1,1,1,1
c5315_trojan18,c5315,c5315_trojan18,PASS,PASS,both_pass,1,89346.5,4047.71,89505.31849893741,4122.002777992748,1773,38,1778,38,1773,38,1773,38,-5,-5,0,0,0,0,tie,tie,1,1,1,1,1,1,1,1
c5315_trojan19,c5315,c5315_trojan19,PASS,PASS,both_pass,1,8731.94,4678.1,8852.063655038364,4735.761350952089,1773,38,1778,41,1773,38,1773,38,-5,-5,-3,-3,0,0,tie,tie,1,0,1,1,1,1,1,1
c5315_trojan2,c5315,c5315_trojan2,PASS,PASS,both_pass,1,145238.0,4980.93,145466.2921060808,5049.5998410042375,1773,38,1778,40,1773,38,1773,38,-5,-5,-2,-2,0,0,tie,tie,1,1,1,1,1,1,1,1
c5315_trojan20,c5315,c5315_trojan20,PASS,PASS,both_pass,1,38328.5,4447.97,38508.85227404069,4517.281144042499,1773,38,1778,42,1773,38,1773,38,-5,-5,-4,-4,0,0,tie,tie,1,1,1,1,1,1,1,1
c5315_trojan21,c5315,c5315_trojan21,PASS,PASS,both_pass,1,200046.0,4668.85,201095.69043898955,4719.675522996113,1773,38,1778,38,1773,38,1773,38,-5,-5,0,0,0,0,tie,tie,1,1,1,1,1,1,1,1
c5315_trojan22,c5315,c5315_trojan22,PASS,PASS,both_pass,1,13054.4,4659.47,13206.132375984453,4720.365241984837,1773,38,1778,42,1773,38,1773,38,-5,-5,-4,-4,0,0,tie,tie,1,0,1,1,1,1,1,1
c5315_trojan23,c5315,c5315_trojan23,PASS,PASS,both_pass,1,152917.0,5013.14,153181.17232702207,5089.679009048268,1773,38,1778,42,1773,38,1773,38,-5,-5,-4,-4,0,0,tie,tie,1,1,1,1,1,1,1,1
c5315_trojan24,c5315,c5315_trojan24,TIMEOUT,PASS,gain,0,,4108.57,300585.34071501344,4183.665991062298,1773,38,1778,41,,,1773,38,,-5,,-3,,,,,1,1,1,119,713,11,,1
c5315_trojan25,c5315,c5315_trojan25,PASS,PASS,both_pass,1,9489.0,3984.86,9651.31972101517,4070.416236994788,1773,38,1778,38,1773,38,1773,38,-5,-5,0,0,0,0,tie,tie,1,0,1,1,1,1,1,1
c5315_trojan26,c5315,c5315_trojan26,PASS,PASS,both_pass,1,569.455,3599.57,667.4049650318921,3667.0307849999517,1773,38,1778,38,1773,38,1773,38,-5,-5,0,0,0,0,tie,tie,1,0,1,1,1,1,1,1
c5315_trojan27,c5315,c5315_trojan27,PASS,PASS,both_pass,1,26496.5,3815.43,26745.309334015474,3866.195795009844,1773,38,1778,44,1773,38,1773,38,-5,-5,-6,-6,0,0,tie,tie,1,0,1,1,1,1,1,1
c5315_trojan28,c5315,c5315_trojan28,PASS,PASS,both_pass,1,481.385,4086.47,618.9802710432559,4167.741218931042,1773,38,1778,38,1773,38,1773,38,-5,-5,0,0,0,0,tie,tie,1,0,1,1,1,1,1,1
c5315_trojan29,c5315,c5315_trojan29,PASS,PASS,both_pass,1,26510.4,4175.07,26695.986825041473,4272.743724053726,1773,38,1778,43,1773,38,1773,38,-5,-5,-5,-5,0,0,tie,tie,1,1,1,1,1,1,1,1
c5315_trojan3,c5315,c5315_trojan3,PASS,PASS,both_pass,1,4191.75,4565.81,4333.310886053368,4619.404857046902,1773,38,1778,41,1773,38,1773,38,-5,-5,-3,-3,0,0,tie,tie,1,0,1,1,1,1,1,1
c5315_trojan30,c5315,c5315_trojan30,PASS,PASS,both_pass,1,9463.52,4561.04,9603.659067070112,4617.480230983347,1773,38,1778,38,1773,38,1773,38,-5,-5,0,0,0,0,tie,tie,1,3,1,1,1,1,1,1
c5315_trojan31,c5315,c5315_trojan31,PASS,PASS,both_pass,1,280433.0,5223.65,280882.12507404387,5322.257944033481,1773,38,1778,43,1773,38,1773,38,-5,-5,-5,-5,0,0,tie,tie,1,1,1,1,1,1,1,1
c5315_trojan32,c5315,c5315_trojan32,PASS,PASS,both_pass,1,6101.94,4910.09,6239.159440039657,4969.004036043771,1773,38,1778,38,1773,38,1773,38,-5,-5,0,0,0,0,tie,tie,1,0,1,1,1,1,1,1
c5315_trojan33,c5315,c5315_trojan33,PASS,PASS,both_pass,1,9974.21,4446.58,10143.99479306303,4519.43918003235,1773,38,1778,43,1773,38,1773,38,-5,-5,-5,-5,0,0,tie,tie,1,0,1,1,1,1,1,1
c5315_trojan34,c5315,c5315_trojan34,PASS,PASS,both_pass,1,606.257,3709.16,715.1625140104443,3768.370334059,1773,38,1780,51,1778,50,1773,38,-2,-7,-1,-13,5,12,dac25-inspired,dac25-inspired,1,0,1,1,1,1,1,1
c5315_trojan35,c5315,c5315_trojan35,PASS,PASS,both_pass,1,7660.43,4227.93,7800.958915031515,4323.086541029625,1773,38,1778,42,1773,38,1773,38,-5,-5,-4,-4,0,0,tie,tie,1,0,1,1,1,1,1,1
c5315_trojan36,c5315,c5315_trojan36,PASS,PASS,both_pass,1,6077.89,4017.54,6241.772974026389,4069.8424460133538,1773,38,1779,54,1773,38,1773,38,-6,-6,-16,-16,0,0,tie,tie,1,0,1,1,1,1,1,1
c5315_trojan37,c5315,c5315_trojan37,PASS,PASS,both_pass,1,138669.0,4710.23,138930.01806398388,4768.653429928236,1773,38,1778,43,1773,38,1773,38,-5,-5,-5,-5,0,0,tie,tie,1,1,1,1,1,1,1,1
c5315_trojan38,c5315,c5315_trojan38,PASS,PASS,both_pass,1,248199.0,4358.65,248524.85103195067,4417.001803056337,1773,38,1778,40,1773,38,1773,38,-5,-5,-2,-2,0,0,tie,tie,1,1,1,1,1,1,1,1
c5315_trojan39,c5315,c5315_trojan39,PASS,PASS,both_pass,1,8286.87,4611.2,8452.414303086698,4669.11306406837,1773,38,1778,41,1773,38,1773,38,-5,-5,-3,-3,0,0,tie,tie,1,0,1,1,1,1,1,1
c5315_trojan4,c5315,c5315_trojan4,PASS,PASS,both_pass,1,13572.0,4030.04,13776.03284700308,4121.854704921134,1773,38,1778,42,1773,38,1773,38,-5,-5,-4,-4,0,0,tie,tie,1,0,1,1,1,1,1,1
c5315_trojan40,c5315,c5315_trojan40,PASS,PASS,both_pass,1,83175.7,4938.67,83352.00344596524,5020.2164639486,1773,38,1778,43,1773,38,1773,38,-5,-5,-5,-5,0,0,tie,tie,1,1,1,1,1,1,1,1
c5315_trojan41,c5315,c5315_trojan41,PASS,PASS,both_pass,1,10467.1,4185.22,10656.420778948814,4273.517390014604,1773,38,1780,49,1773,38,1773,38,-7,-7,-11,-11,0,0,tie,tie,1,0,1,1,1,1,1,1
c5315_trojan42,c5315,c5315_trojan42,PASS,PASS,both_pass,1,523.051,4118.99,620.0739780906588,4219.108798075467,1773,38,1778,38,1773,38,1773,38,-5,-5,0,0,0,0,tie,tie,1,3,1,1,1,1,1,1
c5315_trojan43,c5315,c5315_trojan43,PASS,PASS,both_pass,1,154124.0,4508.6,154371.17472698446,4568.2789189741015,1773,38,1778,43,1773,38,1773,38,-5,-5,-5,-5,0,0,tie,tie,1,1,1,1,1,1,1,1
c5315_trojan44,c5315,c5315_trojan44,PASS,PASS,both_pass,1,10999.8,4870.1,11143.527529900894,4921.103279921226,1773,38,1780,54,1773,38,1773,38,-7,-7,-16,-16,0,0,tie,tie,1,0,1,1,1,1,1,1
c5315_trojan45,c5315,c5315_trojan45,PASS,PASS,both_pass,1,689.31,3931.81,814.2001780215651,4019.6566210361198,1773,38,1780,53,1778,52,1773,38,-2,-7,-1,-15,5,14,dac25-inspired,dac25-inspired,1,0,1,1,1,1,1,1
c5315_trojan46,c5315,c5315_trojan46,PASS,PASS,both_pass,1,3362.82,4344.06,3481.2044019345194,4419.018116896041,1773,38,1778,41,1773,38,1773,38,-5,-5,-3,-3,0,0,tie,tie,1,0,1,1,1,1,1,1
c5315_trojan47,c5315,c5315_trojan47,PASS,PASS,both_pass,1,6597.05,3930.97,6745.487364940345,4024.8719970695674,1773,38,1778,44,1773,38,1773,38,-5,-5,-6,-6,0,0,tie,tie,1,0,1,1,1,1,1,1
c5315_trojan48,c5315,c5315_trojan48,PASS,PASS,both_pass,1,257550.0,4568.75,258016.54544007033,4620.194550021552,1773,38,1778,44,1773,38,1773,38,-5,-5,-6,-6,0,0,tie,tie,1,0,1,1,1,1,1,1
c5315_trojan49,c5315,c5315_trojan49,PASS,PASS,both_pass,1,22702.3,4443.5,22818.111237022094,4520.434146979824,1773,38,1778,43,1773,38,1773,38,-5,-5,-5,-5,0,0,tie,tie,1,1,1,1,1,1,1,1
c5315_trojan5,c5315,c5315_trojan5,PASS,PASS,both_pass,1,9106.72,3935.94,9247.898668982089,4020.351762068458,1773,38,1778,44,1773,38,1773,38,-5,-5,-6,-6,0,0,tie,tie,1,0,1,1,1,1,1,1
c5315_trojan50,c5315,c5315_trojan50,PASS,PASS,both_pass,1,14481.9,8939.76,14831.510383053683,9113.913379027508,1773,38,1356,35,1350,29,1350,29,-6,-6,-6,-6,0,0,tie,tie,1,0,1,1,1,1,1,1
c5315_trojan51,c5315,c5315_trojan51,PASS,PASS,both_pass,1,34680.0,6801.8,35250.09348394815,6959.333256003447,1773,38,1346,29,1339,29,1339,29,-7,-7,0,0,0,0,tie,tie,1,0,1,1,1,1,1,1
c5315_trojan52,c5315,c5315_trojan52,PASS,PASS,both_pass,1,157896.0,5944.44,158179.76446205284,6110.698434989899,1773,38,1345,32,1337,31,1337,31,-8,-8,-1,-1,0,0,tie,tie,1,0,1,1,1,1,1,1
c5315_trojan53,c5315,c5315_trojan53,PASS,PASS,both_pass,1,6133.34,8202.97,6313.543815980665,8361.91398394294,1773,38,1360,33,1355,31,1355,31,-5,-5,-2,-2,0,0,tie,tie,1,0,1,1,1,1,1,1
c5315_trojan54,c5315,c5315_trojan54,PASS,PASS,both_pass,1,12956.7,4920.1,13253.184355911799,5053.50958998315,1773,38,1339,33,1333,31,1333,31,-6,-6,-2,-2,0,0,tie,tie,1,0,1,1,1,1,1,1
c5315_trojan55,c5315,c5315_trojan55,PASS,PASS,both_pass,1,31132.2,12432.6,31349.867727956735,12620.908793993294,1773,38,1356,33,1351,31,1351,31,-5,-5,-2,-2,0,0,tie,tie,1,0,1,1,1,1,1,1
c5315_trojan56,c5315,c5315_trojan56,PASS,PASS,both_pass,1,9031.65,15632.7,9276.750951074064,15768.8692699885,1773,38,1346,34,1339,31,1347,36,-7,1,-3,2,-8,-5,z3-pb-formal,z3-pb-formal,1,4,6,1,1,1,1,1
c5315_trojan57,c5315,c5315_trojan57,PASS,PASS,both_pass,1,8248.63,11860.4,8475.135809974745,12017.114575952291,1773,38,1358,35,1353,29,1353,29,-5,-5,-6,-6,0,0,tie,tie,1,0,1,1,1,1,1,1
c5315_trojan58,c5315,c5315_trojan58,PASS,PASS,both_pass,1,10266.9,10376.4,10533.911293954588,10513.330923975445,1773,38,1346,29,1338,29,1338,29,-8,-8,0,0,0,0,tie,tie,1,0,1,1,1,1,1,1
c5315_trojan59,c5315,c5315_trojan59,PASS,PASS,both_pass,1,610.75,9604.14,808.1922580022365,9759.309345972724,1773,38,1348,33,1346,29,1349,41,-2,1,-4,8,-3,-12,z3-pb-formal,z3-pb-formal,1,2,1,1,1,1,1,1
c5315_trojan6,c5315,c5315_trojan6,PASS,PASS,both_pass,1,11038.7,4588.05,11206.835433025844,4671.774843940511,1773,38,1778,43,1773,38,1773,38,-5,-5,-5,-5,0,0,tie,tie,1,0,1,1,1,1,1,1
c5315_trojan60,c5315,c5315_trojan60,PASS,PASS,both_pass,1,22707.6,10123.2,23138.33843707107,10260.997658013366,1773,38,1353,34,1346,29,1346,29,-7,-7,-5,-5,0,0,tie,tie,1,0,1,1,1,1,1,1
c5315_trojan61,c5315,c5315_trojan61,PASS,PASS,both_pass,1,11061.5,9141.21,11297.275198972784,9312.979380018078,1773,38,1348,33,1342,31,1342,31,-6,-6,-2,-2,0,0,tie,tie,1,0,1,1,1,1,1,1
c5315_trojan62,c5315,c5315_trojan62,PASS,PASS,both_pass,1,13828.1,5654.89,14203.996455995366,5806.379990885034,1773,38,1346,30,1338,30,1338,30,-8,-8,0,0,0,0,tie,tie,1,0,1,1,1,1,1,1
c5315_trojan63,c5315,c5315_trojan63,PASS,PASS,both_pass,1,7183.74,10569.3,7425.716713070869,10712.294389959425,1773,38,1348,34,1342,29,1342,29,-6,-6,-5,-5,0,0,tie,tie,1,0,1,1,1,1,1,1
c5315_trojan64,c5315,c5315_trojan64,PASS,PASS,both_pass,1,20934.6,14462.5,21383.97197390441,14622.364012990147,1773,38,1358,34,1353,29,1359,34,-5,1,-5,0,-6,-5,z3-pb-formal,z3-pb-formal,1,2,2,1,1,1,1,1
c5315_trojan65,c5315,c5315_trojan65,PASS,PASS,both_pass,1,5767.58,6786.31,5962.463648989797,6962.20106293913,1773,38,1343,29,1338,29,1338,29,-5,-5,0,0,0,0,tie,tie,1,0,1,1,1,1,1,1
c5315_trojan66,c5315,c5315_trojan66,PASS,PASS,both_pass,1,115196.0,10977.2,115573.32575100008,11118.945128051564,1773,38,1341,33,1336,31,1342,33,-5,1,-2,0,-6,-2,z3-pb-formal,z3-pb-formal,1,2,1,1,1,1,1,1
c5315_trojan67,c5315,c5315_trojan67,PASS,PASS,both_pass,1,888.474,5505.28,1107.4865420814604,5656.92656300962,1773,38,1348,29,1343,29,1343,29,-5,-5,0,0,0,0,tie,tie,1,0,1,1,1,1,1,1
c5315_trojan68,c5315,c5315_trojan68,PASS,PASS,both_pass,1,30718.4,8475.74,30981.76733998116,8623.959260061383,1773,38,1344,29,1336,29,1336,29,-8,-8,0,0,0,0,tie,tie,1,0,1,1,1,1,1,1
c5315_trojan69,c5315,c5315_trojan69,PASS,PASS,both_pass,1,7761.17,16221.8,7973.785397945903,16370.641571003944,1773,38,1344,32,1337,29,1337,29,-7,-7,-3,-3,0,0,tie,tie,1,0,1,1,1,1,1,1
c5315_trojan7,c5315,c5315_trojan7,PASS,PASS,both_pass,1,7870.0,4389.86,7998.2247720472515,4468.820646987297,1773,38,1779,53,1773,38,1773,38,-6,-6,-15,-15,0,0,tie,tie,1,0,1,1,1,1,1,1
c5315_trojan70,c5315,c5315_trojan70,PASS,PASS,both_pass,1,196233.0,12920.5,196739.8268270772,13068.719994043931,1773,38,1345,34,1340,29,1340,29,-5,-5,-5,-5,0,0,tie,tie,1,0,1,1,1,1,1,1
c5315_trojan71,c5315,c5315_trojan71,PASS,PASS,both_pass,1,212668.0,9026.32,213786.0304149799,9161.82464105077,1773,38,1344,29,1337,29,1337,29,-7,-7,0,0,0,0,tie,tie,1,0,1,1,1,1,1,1
c5315_trojan72,c5315,c5315_trojan72,PASS,PASS,both_pass,1,15245.8,7407.81,15505.969782010652,7557.689229957759,1773,38,1343,31,1337,30,1337,30,-6,-6,-1,-1,0,0,tie,tie,1,0,1,1,1,1,1,1
c5315_trojan73,c5315,c5315_trojan73,PASS,PASS,both_pass,1,157496.0,12721.7,157856.70746990945,12881.29960000515,1773,38,1345,34,1339,29,1339,29,-6,-6,-5,-5,0,0,tie,tie,1,0,1,1,1,1,1,1
c5315_trojan74,c5315,c5315_trojan74,PASS,PASS,both_pass,1,164073.0,16032.8,164534.810315934,16173.71175903827,1773,38,1342,33,1335,31,1335,31,-7,-7,-2,-2,0,0,tie,tie,1,0,1,1,1,1,1,1
c5315_trojan75,c5315,c5315_trojan75,PASS,PASS,both_pass,1,8325.24,6362.76,8516.333790961653,6506.386650027707,1773,38,1345,29,1338,29,1338,29,-7,-7,0,0,0,0,tie,tie,1,0,1,1,1,1,1,1
c5315_trojan76,c5315,c5315_trojan76,PASS,NO_PATCH,regression,0,640.036,30107.5,850.5370339844376,30129.619547980838,1773,38,1348,29,1343,29,,,-5,,0,,,,,,,,,1,1,1,1,
c5315_trojan77,c5315,c5315_trojan77,PASS,PASS,both_pass,1,14503.1,9819.2,14856.203460949473,9962.892477982678,1773,38,1346,33,1340,29,1340,29,-6,-6,-4,-4,0,0,tie,tie,1,0,1,1,1,1,1,1
c5315_trojan78,c5315,c5315_trojan78,PASS,NO_PATCH,regression,0,42916.8,30095.7,43224.446071079,30127.050508046523,1773,38,1339,29,1335,29,,,-4,,0,,,,,,,,,1,1,1,1,
c5315_trojan79,c5315,c5315_trojan79,PASS,PASS,both_pass,1,17324.2,9818.55,17582.613479928114,9958.2653749967,1773,38,1358,34,1352,29,1352,29,-6,-6,-5,-5,0,0,tie,tie,1,0,1,1,1,1,1,1
c5315_trojan8,c5315,c5315_trojan8,PASS,PASS,both_pass,1,10872.9,3607.1,11074.075042037293,3667.1399989863858,1773,38,1778,38,1773,38,1773,38,-5,-5,0,0,0,0,tie,tie,1,3,1,1,1,1,1,1
c5315_trojan80,c5315,c5315_trojan80,PASS,PASS,both_pass,1,12177.0,7046.17,12445.802215952426,7205.982732004486,1773,38,1343,29,1338,29,1338,29,-5,-5,0,0,0,0,tie,tie,1,0,1,1,1,1,1,1
c5315_trojan81,c5315,c5315_trojan81,TIMEOUT,PASS,gain,0,,8411.98,300795.4302979633,8558.669880963862,1773,38,1354,34,,,1348,29,,-6,,-5,,,,,1,0,1,1,1,1,,1
c5315_trojan82,c5315,c5315_trojan82,PASS,PASS,both_pass,1,9036.06,14619.3,9376.638482091948,14770.120008965023,1773,38,1343,30,1338,29,1338,29,-5,-5,-1,-1,0,0,tie,tie,1,0,1,1,1,1,1,1
c5315_trojan83,c5315,c5315_trojan83,PASS,PASS,both_pass,1,685.968,10146.2,903.6130639724433,10313.656643033028,1773,38,1349,34,1344,30,1344,30,-5,-5,-4,-4,0,0,tie,tie,1,0,1,1,1,1,1,1
c5315_trojan84,c5315,c5315_trojan84,PASS,PASS,both_pass,1,717.631,8497.85,906.9488600362092,8658.448024070822,1773,38,1344,31,1338,31,1338,31,-6,-6,0,0,0,0,tie,tie,1,0,1,1,1,1,1,1
c5315_trojan85,c5315,c5315_trojan85,PASS,PASS,both_pass,1,11247.4,7833.52,11482.024539960548,8007.488662027754,1773,38,1339,32,1333,31,1333,31,-6,-6,-1,-1,0,0,tie,tie,1,0,1,1,1,1,1,1
c5315_trojan86,c5315,c5315_trojan86,PASS,PASS,both_pass,1,3518.22,9511.18,3718.5794920660555,9659.843332017772,1773,38,1364,34,1361,29,1365,42,-3,1,-5,8,-4,-13,z3-pb-formal,z3-pb-formal,1,2,1,1,1,1,1,1
c5315_trojan87,c5315,c5315_trojan87,PASS,PASS,both_pass,1,137605.0,12154.9,137921.8889650656,12317.886513075791,1773,38,1353,34,1348,31,1348,31,-5,-5,-3,-3,0,0,tie,tie,1,0,1,1,1,1,1,1
c5315_trojan88,c5315,c5315_trojan88,PASS,PASS,both_pass,1,288823.0,7260.35,289193.6180620687,7406.909674988128,1773,38,1343,32,1337,30,1337,30,-6,-6,-2,-2,0,0,tie,tie,1,0,1,1,1,1,1,1
c5315_trojan89,c5315,c5315_trojan89,PASS,NO_PATCH,regression,0,10777.3,30082.9,11029.037410975434,30129.904565983452,1773,38,1346,28,1340,28,,,-6,,0,,,,,,,,,1,1,1,1,
c5315_trojan9,c5315,c5315_trojan9,PASS,PASS,both_pass,1,572.819,4052.25,716.5895359357819,4117.294523050077,1773,38,1779,53,1773,38,1773,38,-6,-6,-15,-15,0,0,tie,tie,1,0,1,1,1,1,1,1
c5315_trojan90,c5315,c5315_trojan90,PASS,PASS,both_pass,1,89829.7,9629.51,90171.11173493322,9809.055494959466,1773,38,1349,33,1344,29,1344,29,-5,-5,-4,-4,0,0,tie,tie,1,0,1,1,1,1,1,1
c5315_trojan91,c5315,c5315_trojan91,PASS,PASS,both_pass,1,10563.8,6174.9,10783.361263922416,6354.6190820634365,1773,38,1345,31,1339,30,1339,30,-6,-6,-1,-1,0,0,tie,tie,1,0,1,1,1,1,1,1
c5315_trojan92,c5315,c5315_trojan92,PASS,PASS,both_pass,1,653.397,9233.36,863.0224469816312,9414.925898076035,1773,38,1343,29,1337,29,1337,29,-6,-6,0,0,0,0,tie,tie,1,0,1,1,1,1,1,1
c5315_trojan93,c5315,c5315_trojan93,PASS,PASS,both_pass,1,139491.0,12958.8,140013.6746170465,13117.753723985516,1773,38,1354,34,1349,29,1349,29,-5,-5,-5,-5,0,0,tie,tie,1,0,1,1,1,1,1,1
c5315_trojan94,c5315,c5315_trojan94,PASS,PASS,both_pass,1,13438.2,7485.72,13680.905646993779,7656.58033604268,1773,38,1353,35,1347,31,1347,31,-6,-6,-4,-4,0,0,tie,tie,1,0,1,1,1,1,1,1
c5315_trojan95,c5315,c5315_trojan95,PASS,PASS,both_pass,1,786.363,7206.49,1001.0770770022646,7358.45356201753,1773,38,1347,36,1345,35,1342,29,-2,-5,-1,-7,3,6,dac25-inspired,dac25-inspired,1,0,1,1,1,1,1,1
c5315_trojan96,c5315,c5315_trojan96,PASS,PASS,both_pass,1,3709.62,11730.8,3910.0721100112423,11866.787561913952,1773,38,1337,31,1332,31,1332,31,-5,-5,0,0,0,0,tie,tie,1,0,1,1,1,1,1,1
c5315_trojan97,c5315,c5315_trojan97,PASS,PASS,both_pass,1,7274.53,12592.2,7479.409283958375,12770.192099967971,1773,38,1347,33,1342,31,1342,31,-5,-5,-2,-2,0,0,tie,tie,1,0,1,1,1,1,1,1
c5315_trojan98,c5315,c5315_trojan98,PASS,PASS,both_pass,1,185976.0,14207.6,186362.53942898475,14368.103460059501,1773,38,1371,35,1366,30,1372,35,-5,1,-5,0,-6,-5,z3-pb-formal,z3-pb-formal,1,2,1,1,1,1,1,1
c5315_trojan99,c5315,c5315_trojan99,PASS,PASS,both_pass,1,11514.8,11699.7,11703.113597002812,11868.939283071086,1773,38,1345,33,1340,29,1340,29,-5,-5,-4,-4,0,0,tie,tie,1,0,1,1,1,1,1,1
c6288_trojan0,c6288,c6288_trojan0,PASS,NO_PATCH,regression,0,7262.88,30033.2,7388.723197975196,30080.432304064743,2337,120,2342,162,2337,120,,,-5,,-42,,,,,,,,,1,1,1,1,
c7552_trojan0,c7552,c7552_trojan0,PASS,PASS,both_pass,1,7587.48,7340.07,7700.965544907376,7426.650320063345,2074,29,2079,29,2074,29,2074,29,-5,-5,0,0,0,0,tie,tie,1,0,1,1,1,1,1,1
c7552_trojan1,c7552,c7552_trojan1,PASS,PASS,both_pass,1,5374.72,6681.3,5480.346683994867,6778.112987987697,2074,29,2079,33,2074,29,2074,29,-5,-5,-4,-4,0,0,tie,tie,1,0,1,1,1,1,1,1
c7552_trojan11,c7552,c7552_trojan11,PASS,PASS,both_pass,1,2246.4,6661.86,2381.631548050791,6723.760180990212,2074,29,2079,29,2074,29,2074,29,-5,-5,0,0,0,0,tie,tie,1,0,1,1,1,1,1,1
c7552_trojan12,c7552,c7552_trojan12,PASS,PASS,both_pass,1,9211.52,6739.79,9367.36612697132,6825.7037290604785,2074,29,2079,33,2074,29,2074,29,-5,-5,-4,-4,0,0,tie,tie,1,0,1,1,1,1,1,1
c7552_trojan13,c7552,c7552_trojan13,PASS,PASS,both_pass,1,1263.04,6583.85,1366.7301909299567,6675.169967929833,2074,29,2079,29,2074,29,2074,29,-5,-5,0,0,0,0,tie,tie,1,0,1,1,1,1,1,1
c7552_trojan15,c7552,c7552_trojan15,PASS,PASS,both_pass,1,1373.77,6507.23,1476.029185927473,6573.133142082952,2074,29,2079,31,2074,29,2074,29,-5,-5,-2,-2,0,0,tie,tie,1,0,1,1,1,1,1,1
c7552_trojan16,c7552,c7552_trojan16,PASS,PASS,both_pass,1,2285.76,7020.27,2378.185349982232,7076.022930094041,2074,29,2079,31,2074,29,2074,29,-5,-5,-2,-2,0,0,tie,tie,1,0,1,1,1,1,1,1
c7552_trojan17,c7552,c7552_trojan17,PASS,PASS,both_pass,1,2180.53,6236.98,2278.315068106167,6325.258850934915,2074,29,2079,29,2074,29,2074,29,-5,-5,0,0,0,0,tie,tie,1,0,1,1,1,1,1,1
c7552_trojan18,c7552,c7552_trojan18,PASS,PASS,both_pass,1,3669.43,7483.47,3782.2274030186236,7577.0195700461045,2074,29,2079,29,2074,29,2074,29,-5,-5,0,0,0,0,tie,tie,1,0,1,1,1,1,1,1
c7552_trojan19,c7552,c7552_trojan19,PASS,PASS,both_pass,1,13385.1,7137.23,13595.275704050437,7226.871432969347,2074,29,2079,29,2074,29,2074,29,-5,-5,0,0,0,0,tie,tie,1,0,1,1,1,1,1,1
c7552_trojan2,c7552,c7552_trojan2,PASS,PASS,both_pass,1,675.334,6340.68,767.2927780076861,6425.166642060503,2074,29,2079,37,2074,29,2074,29,-5,-5,-8,-8,0,0,tie,tie,1,0,1,1,1,1,1,1
c7552_trojan20,c7552,c7552_trojan20,PASS,PASS,both_pass,1,4507.83,6188.14,4638.461547088809,6274.280381971039,2074,29,2079,29,2074,29,2074,29,-5,-5,0,0,0,0,tie,tie,1,0,1,1,1,1,1,1
c7552_trojan21,c7552,c7552_trojan21,PASS,PASS,both_pass,1,9298.4,7220.89,9472.045183065347,7274.356257985346,2074,29,2079,29,2074,29,2074,29,-5,-5,0,0,0,0,tie,tie,1,0,1,1,1,1,1,1
c7552_trojan22,c7552,c7552_trojan22,PASS,PASS,both_pass,1,2296.67,6607.42,2429.607204045169,6673.52591897361,2074,29,2079,31,2074,29,2074,29,-5,-5,-2,-2,0,0,tie,tie,1,0,1,1,1,1,1,1
c7552_trojan23,c7552,c7552_trojan23,PASS,PASS,both_pass,1,5389.11,7644.23,5530.011459020898,7727.2274100687355,2074,29,2079,29,2074,29,2074,29,-5,-5,0,0,0,0,tie,tie,1,0,1,1,1,1,1,1
c7552_trojan25,c7552,c7552_trojan25,PASS,PASS,both_pass,1,4459.16,6930.85,4593.698301934637,7029.967898968607,2074,29,2079,34,2074,29,2074,29,-5,-5,-5,-5,0,0,tie,tie,1,0,1,1,1,1,1,1
c7552_trojan26,c7552,c7552_trojan26,PASS,PASS,both_pass,1,656.289,7157.23,769.1619109828025,7223.534221993759,2074,29,2079,29,2074,29,2074,29,-5,-5,0,0,0,0,tie,tie,1,0,1,1,1,1,1,1
c7552_trojan27,c7552,c7552_trojan27,PASS,PASS,both_pass,1,1894.78,8010.15,2026.3881590217352,8078.2451189588755,2074,29,2079,30,2074,29,2074,29,-5,-5,-1,-1,0,0,tie,tie,1,0,1,1,1,1,1,1
c7552_trojan28,c7552,c7552_trojan28,PASS,PASS,both_pass,1,3743.55,5993.58,3880.4349150741473,6071.780455997214,2074,29,2079,32,2074,29,2074,29,-5,-5,-3,-3,0,0,tie,tie,1,0,1,1,1,1,1,1
c7552_trojan29,c7552,c7552_trojan29,PASS,PASS,both_pass,1,7224.58,5553.16,7338.595645036548,5625.523323891684,2074,29,2079,29,2074,29,2074,29,-5,-5,0,0,0,0,tie,tie,1,0,1,1,1,1,1,1
c7552_trojan3,c7552,c7552_trojan3,PASS,PASS,both_pass,1,10755.0,6253.63,10872.994435019791,6325.047599035315,2074,29,2079,31,2074,29,2074,29,-5,-5,-2,-2,0,0,tie,tie,1,0,1,1,1,1,1,1
c7552_trojan30,c7552,c7552_trojan30,PASS,PASS,both_pass,1,5372.39,6152.78,5485.334580997005,6234.162372071296,2074,29,2079,29,2074,29,2074,29,-5,-5,0,0,0,0,tie,tie,1,0,1,1,1,1,1,1
c7552_trojan31,c7552,c7552_trojan31,PASS,PASS,both_pass,1,3024.13,7192.61,3129.546837997623,7287.164131994359,2074,29,2079,29,2074,29,2074,29,-5,-5,0,0,0,0,tie,tie,1,0,1,1,1,1,1,1
c7552_trojan32,c7552,c7552_trojan32,PASS,PASS,both_pass,1,2695.61,7138.45,2822.6927960058674,7224.548644036986,2074,29,2079,29,2074,29,2074,29,-5,-5,0,0,0,0,tie,tie,1,0,1,1,1,1,1,1
c7552_trojan33,c7552,c7552_trojan33,PASS,PASS,both_pass,1,6374.97,6961.83,6506.39981997665,7023.119327961467,2074,29,2079,29,2074,29,2074,29,-5,-5,0,0,0,0,tie,tie,1,0,1,1,1,1,1,1
c7552_trojan34,c7552,c7552_trojan34,PASS,PASS,both_pass,1,8115.12,7121.83,8248.49967402406,7177.1310130134225,2074,29,2079,29,2074,29,2074,29,-5,-5,0,0,0,0,tie,tie,1,0,1,1,1,1,1,1
c7552_trojan35,c7552,c7552_trojan35,PASS,PASS,both_pass,1,9953.57,7735.43,10106.790633988567,7801.979850977659,2074,29,2079,29,2074,29,2074,29,-5,-5,0,0,0,0,tie,tie,1,0,1,1,1,1,1,1
c7552_trojan36,c7552,c7552_trojan36,PASS,PASS,both_pass,1,1661.15,6450.87,1779.6887019649148,6533.7027630303055,2074,29,2079,30,2074,29,2074,29,-5,-5,-1,-1,0,0,tie,tie,1,0,1,1,1,1,1,1
c7552_trojan37,c7552,c7552_trojan37,PASS,PASS,both_pass,1,8414.71,6049.55,8584.210306988098,6122.656399966218,2074,29,2079,30,2074,29,2074,29,-5,-5,-1,-1,0,0,tie,tie,1,0,1,1,1,1,1,1
c7552_trojan38,c7552,c7552_trojan38,PASS,PASS,both_pass,1,5879.24,6421.81,5984.346361015923,6474.6685470454395,2074,29,2079,29,2074,29,2074,29,-5,-5,0,0,0,0,tie,tie,1,0,1,1,1,1,1,1
c7552_trojan39,c7552,c7552_trojan39,PASS,PASS,both_pass,1,1364.13,9084.48,1474.151858012192,9182.27480002679,2074,29,2079,29,2074,29,2074,29,-5,-5,0,0,0,0,tie,tie,1,0,1,1,1,1,1,1
c7552_trojan4,c7552,c7552_trojan4,PASS,PASS,both_pass,1,12033.3,7529.61,12165.426313062198,7628.707856987603,2074,29,2079,29,2074,29,2074,29,-5,-5,0,0,0,0,tie,tie,1,0,1,1,1,1,1,1
c7552_trojan40,c7552,c7552_trojan40,PASS,PASS,both_pass,1,11338.4,6075.59,11479.226951021701,6177.340009948239,2074,29,2079,30,2074,29,2074,29,-5,-5,-1,-1,0,0,tie,tie,1,0,1,1,1,1,1,1
c7552_trojan41,c7552,c7552_trojan41,PASS,PASS,both_pass,1,8669.18,7561.82,8813.154925010167,7624.565997044556,2074,29,2079,29,2074,29,2074,29,-5,-5,0,0,0,0,tie,tie,1,0,1,1,1,1,1,1
c7552_trojan42,c7552,c7552_trojan42,PASS,PASS,both_pass,1,2111.73,6723.2,2228.632049052976,6775.967148016207,2074,29,2079,32,2074,29,2074,29,-5,-5,-3,-3,0,0,tie,tie,1,0,1,1,1,1,1,1
c7552_trojan43,c7552,c7552_trojan43,PASS,PASS,both_pass,1,9651.92,7328.21,9806.26901704818,7431.5668910276145,2074,29,2079,29,2074,29,2074,29,-5,-5,0,0,0,0,tie,tie,1,0,1,1,1,1,1,1
c7552_trojan45,c7552,c7552_trojan45,PASS,PASS,both_pass,1,6521.13,6520.19,6643.1617949856445,6578.245291952044,2074,29,2079,29,2074,29,2074,29,-5,-5,0,0,0,0,tie,tie,1,0,1,1,1,1,1,1
c7552_trojan46,c7552,c7552_trojan46,PASS,PASS,both_pass,1,9260.08,6520.88,9384.483432979323,6571.878944989294,2074,29,2079,34,2074,29,2074,29,-5,-5,-5,-5,0,0,tie,tie,1,0,1,1,1,1,1,1
c7552_trojan49,c7552,c7552_trojan49,PASS,PASS,both_pass,1,3522.91,6811.72,3632.5575329829007,6873.867889051326,2074,29,2079,29,2074,29,2074,29,-5,-5,0,0,0,0,tie,tie,1,0,1,1,1,1,1,1
c7552_trojan50,c7552,c7552_trojan50,PASS,NO_PATCH,regression,0,6605.58,30294.2,6857.018219074234,30328.83255998604,2074,29,1583,25,1576,25,,,-7,,0,,,,,,,,,1,1,1,1,
c7552_trojan51,c7552,c7552_trojan51,PASS,NO_PATCH,regression,0,3893.15,30293.5,4114.381877006963,30332.41898997221,2074,29,1590,26,1585,25,,,-5,,-1,,,,,,,,,1,1,1,1,
c7552_trojan52,c7552,c7552_trojan52,PASS,NO_PATCH,regression,0,6645.75,30125.7,6884.024656028487,30184.019797015935,2074,29,1610,26,1605,25,,,-5,,-1,,,,,,,,,1,1,1,1,
c7552_trojan53,c7552,c7552_trojan53,PASS,NO_PATCH,regression,0,2893.05,30301.3,3165.931227034889,30329.91100801155,2074,29,1583,25,1578,25,,,-5,,0,,,,,,,,,1,1,1,1,
c7552_trojan54,c7552,c7552_trojan54,PASS,PASS,both_pass,1,7845.66,14186.6,8080.009040888399,14373.12414497137,2074,29,1592,25,1586,25,1586,25,-6,-6,0,0,0,0,tie,tie,1,0,1,1,1,1,1,1
c7552_trojan57,c7552,c7552_trojan57,PASS,PASS,both_pass,1,3796.18,16266.5,3978.9379029534757,16420.263642910868,2074,29,1596,25,1588,25,1588,25,-8,-8,0,0,0,0,tie,tie,1,0,1,1,1,1,1,1
c7552_trojan58,c7552,c7552_trojan58,PASS,PASS,both_pass,1,4373.11,49218.2,4558.286435087211,49381.22111291159,2074,29,1587,25,1581,25,1589,25,-6,2,0,0,-8,0,z3-pb-formal,tie,1,3,5,1,1,1,1,1
c7552_trojan59,c7552,c7552_trojan59,PASS,PASS,both_pass,1,4784.53,34287.2,5012.490385095589,34452.267521992326,2074,29,1580,25,1575,25,1581,25,-5,1,0,0,-6,0,z3-pb-formal,tie,1,3,1,1,1,1,1,1
c7552_trojan6,c7552,c7552_trojan6,PASS,PASS,both_pass,1,1987.95,8107.6,2124.391196994111,8178.325511980802,2074,29,2079,29,2074,29,2074,29,-5,-5,0,0,0,0,tie,tie,1,0,1,1,1,1,1,1
c7552_trojan61,c7552,c7552_trojan61,PASS,PASS,both_pass,1,1535.44,47424.2,1755.4325009696186,47580.32467006706,2074,29,1584,25,1579,25,1585,25,-5,1,0,0,-6,0,z3-pb-formal,tie,1,3,3,1,1,1,1,1
c7552_trojan62,c7552,c7552_trojan62,PASS,PASS,both_pass,1,7311.99,9062.98,7522.3738620989025,9211.109980009496,2074,29,1596,28,1587,24,1587,24,-9,-9,-4,-4,0,0,tie,tie,1,0,1,1,1,1,1,1
c7552_trojan63,c7552,c7552_trojan63,PASS,NO_PATCH,regression,0,994.249,30285.0,1201.3449820224196,30336.106805014424,2074,29,1592,25,1585,25,,,-7,,0,,,,,,,,,1,1,1,1,
c7552_trojan65,c7552,c7552_trojan65,PASS,PASS,both_pass,1,3699.61,28098.8,3909.5795550383627,28244.889281108044,2074,29,1591,25,1585,25,1585,25,-6,-6,0,0,0,0,tie,tie,1,0,1,1,1,1,1,1
c7552_trojan66,c7552,c7552_trojan66,PASS,PASS,both_pass,1,1322.99,18488.2,1503.299884032458,18623.38661798276,2074,29,1594,26,1584,26,1584,26,-10,-10,0,0,0,0,tie,tie,1,0,1,1,1,1,1,1
c7552_trojan67,c7552,c7552_trojan67,PASS,PASS,both_pass,1,1652.62,14393.2,1915.4639659682289,14570.037531084381,2074,29,1595,25,1590,25,1590,25,-5,-5,0,0,0,0,tie,tie,1,0,1,1,1,1,1,1
c7552_trojan68,c7552,c7552_trojan68,PASS,PASS,both_pass,1,4596.79,16976.5,4819.598857080564,17120.803075027652,2074,29,1582,25,1575,25,1564,25,-7,-18,0,0,11,0,dac25-inspired,tie,1,7,9,1,1,1,1,1
c7552_trojan69,c7552,c7552_trojan69,PASS,NO_PATCH,regression,0,7737.28,30288.9,7982.106895069592,30345.084882923402,2074,29,1585,25,1580,25,,,-5,,0,,,,,,,,,1,1,1,1,
c7552_trojan7,c7552,c7552_trojan7,PASS,PASS,both_pass,1,5120.17,7253.65,5239.675649092533,7325.467600952834,2074,29,2079,29,2074,29,2074,29,-5,-5,0,0,0,0,tie,tie,1,0,1,1,1,1,1,1
c7552_trojan70,c7552,c7552_trojan70,PASS,PASS,both_pass,1,12205.0,18592.4,12439.219455001876,18773.70777609758,2074,29,1585,25,1581,25,1570,25,-4,-15,0,0,11,0,dac25-inspired,tie,1,7,9,1,1,1,1,1
c7552_trojan71,c7552,c7552_trojan71,PASS,NO_PATCH,regression,0,7374.96,30076.2,7624.907359946519,30129.450868000276,2074,29,1597,25,1592,25,,,-5,,0,,,,,,,,,1,1,1,1,
c7552_trojan72,c7552,c7552_trojan72,PASS,PASS,both_pass,1,2099.5,19787.0,2300.2954230178148,19932.505500968546,2074,29,1587,25,1580,24,1580,24,-7,-7,-1,-1,0,0,tie,tie,1,0,1,1,1,1,1,1
c7552_trojan73,c7552,c7552_trojan73,PASS,PASS,both_pass,1,9423.33,14431.6,9663.947103079408,14612.624967005104,2074,29,1586,25,1580,25,1580,25,-6,-6,0,0,0,0,tie,tie,1,0,1,1,1,1,1,1
c7552_trojan75,c7552,c7552_trojan75,PASS,NO_PATCH,regression,0,4836.5,30286.8,5019.8749070987105,30337.105140904896,2074,29,1592,26,1584,25,,,-8,,-1,,,,,,,,,1,1,1,1,
c7552_trojan76,c7552,c7552_trojan76,PASS,NO_PATCH,regression,0,6709.39,30286.9,6924.733726074919,30335.630221059546,2074,29,1589,25,1582,25,,,-7,,0,,,,,,,,,1,1,1,1,
c7552_trojan77,c7552,c7552_trojan77,PASS,PASS,both_pass,1,2844.73,19307.0,3059.799195965752,19481.053840951063,2074,29,1594,25,1585,25,1585,25,-9,-9,0,0,0,0,tie,tie,1,0,1,1,1,1,1,1
c7552_trojan78,c7552,c7552_trojan78,PASS,NO_PATCH,regression,0,2724.75,30199.8,2905.002717045136,30257.768361945637,2074,29,1588,25,1581,25,,,-7,,0,,,,,,,,,1,1,1,1,
c7552_trojan79,c7552,c7552_trojan79,PASS,PASS,both_pass,1,5770.23,19854.5,6012.3192720348015,19987.794524990022,2074,29,1588,25,1583,25,1590,25,-5,2,0,0,-7,0,z3-pb-formal,tie,1,3,4,1,1,1,1,1
c7552_trojan8,c7552,c7552_trojan8,PASS,PASS,both_pass,1,7396.31,5923.29,7533.913195016794,6030.356053961441,2074,29,2079,29,2074,29,2074,29,-5,-5,0,0,0,0,tie,tie,1,0,1,1,1,1,1,1
c7552_trojan80,c7552,c7552_trojan80,PASS,PASS,both_pass,1,4465.7,41608.7,4672.041735961102,41844.810619950294,2074,29,1585,25,1580,25,1581,25,-5,-4,0,0,-1,0,z3-pb-formal,tie,2,7,8,1,1,1,1,1
c7552_trojan81,c7552,c7552_trojan81,PASS,NO_PATCH,regression,0,2270.92,30329.2,2458.8364890078083,30394.24821396824,2074,29,1581,25,1575,25,,,-6,,0,,,,,,,,,1,1,1,1,
c7552_trojan82,c7552,c7552_trojan82,PASS,PASS,both_pass,1,7023.84,13932.6,7268.318395013921,14101.238763076253,2074,29,1581,25,1575,25,1575,25,-6,-6,0,0,0,0,tie,tie,1,0,1,1,1,1,1,1
c7552_trojan83,c7552,c7552_trojan83,PASS,PASS,both_pass,1,4897.91,22363.2,5110.234627965838,22536.694449023344,2074,29,1586,25,1580,25,1588,25,-6,2,0,0,-8,0,z3-pb-formal,tie,1,3,4,1,1,1,1,1
c7552_trojan84,c7552,c7552_trojan84,PASS,PASS,both_pass,1,6713.29,16569.4,6928.081633057445,16718.88773899991,2074,29,1596,25,1589,25,1589,25,-7,-7,0,0,0,0,tie,tie,1,0,1,1,1,1,1,1
c7552_trojan85,c7552,c7552_trojan85,PASS,PASS,both_pass,1,10813.3,35746.5,11086.495431954972,35907.58313902188,2074,29,1590,25,1585,25,1585,25,-5,-5,0,0,0,0,tie,tie,1,5,2,1,1,1,1,1
c7552_trojan86,c7552,c7552_trojan86,PASS,PASS,both_pass,1,2277.31,31712.4,2459.710099035874,31850.87769094389,2074,29,1585,25,1580,25,1587,25,-5,2,0,0,-7,0,z3-pb-formal,tie,1,3,4,1,1,1,1,1
c7552_trojan87,c7552,c7552_trojan87,PASS,PASS,both_pass,1,6889.7,24262.6,7182.361237006262,24441.729723010212,2074,29,1585,25,1580,25,1587,25,-5,2,0,0,-7,0,z3-pb-formal,tie,1,3,4,1,1,1,1,1
c7552_trojan88,c7552,c7552_trojan88,PASS,PASS,both_pass,1,4204.65,16150.9,4411.05372493621,16322.390335961245,2074,29,1587,25,1580,25,1580,25,-7,-7,0,0,0,0,tie,tie,1,0,1,1,1,1,1,1
c7552_trojan89,c7552,c7552_trojan89,PASS,PASS,both_pass,1,5357.44,20580.1,5566.115167923272,20729.17395690456,2074,29,1582,25,1577,25,1574,25,-5,-8,0,0,3,0,dac25-inspired,tie,1,7,8,1,1,1,1,1
c7552_trojan9,c7552,c7552_trojan9,PASS,PASS,both_pass,1,7093.7,5879.52,7242.163212969899,5977.039530989714,2074,29,2079,29,2074,29,2074,29,-5,-5,0,0,0,0,tie,tie,1,0,1,1,1,1,1,1
c7552_trojan90,c7552,c7552_trojan90,PASS,PASS,both_pass,1,9375.92,36870.1,9630.928414058872,37004.10719192587,2074,29,1586,25,1581,25,1588,25,-5,2,0,0,-7,0,z3-pb-formal,tie,1,3,3,1,1,1,1,1
c7552_trojan91,c7552,c7552_trojan91,PASS,NO_PATCH,regression,0,5803.47,30030.0,6014.400264015421,30081.427335040644,2074,29,1587,25,1581,25,,,-6,,0,,,,,,,,,1,1,1,1,
c7552_trojan92,c7552,c7552_trojan92,PASS,NO_PATCH,regression,0,3961.36,30283.7,4157.742871087976,30330.784009071067,2074,29,1601,25,1594,25,,,-7,,0,,,,,,,,,1,1,1,1,
c7552_trojan93,c7552,c7552_trojan93,PASS,NO_PATCH,regression,0,8174.09,30036.1,8438.88735899236,30076.92515803501,2074,29,1588,25,1581,25,,,-7,,0,,,,,,,,,1,1,1,1,
c7552_trojan95,c7552,c7552_trojan95,PASS,PASS,both_pass,1,4247.74,15524.1,4469.1221789689735,15673.30499610398,2074,29,1586,25,1580,25,1580,25,-6,-6,0,0,0,0,tie,tie,1,0,1,1,1,1,1,1
c7552_trojan96,c7552,c7552_trojan96,PASS,PASS,both_pass,1,9228.06,32164.8,9479.337724042125,32300.435003940947,2074,29,1591,24,1586,24,1594,33,-5,3,0,9,-8,-9,z3-pb-formal,z3-pb-formal,1,3,4,1,1,1,1,1
c880_trojan0,c880,c880_trojan0,PASS,PASS,both_pass,1,1043.23,2155.01,1167.3616470070556,2212.904289015569,327,24,332,24,327,24,323,26,-5,-9,0,2,4,-2,dac25-inspired,z3-pb-formal,1,2,2,1,1,1,1,1
c880_trojan1,c880,c880_trojan1,PASS,PASS,both_pass,1,2884.97,2164.79,3027.700565988198,2209.452416980639,327,24,332,24,327,24,323,26,-5,-9,0,2,4,-2,dac25-inspired,z3-pb-formal,1,2,2,1,1,1,1,1
c880_trojan10,c880,c880_trojan10,PASS,PASS,both_pass,1,866.666,2243.89,965.0640010368079,2312.7512100618333,327,24,332,24,327,24,323,26,-5,-9,0,2,4,-2,dac25-inspired,z3-pb-formal,1,2,2,1,1,1,1,1
c880_trojan11,c880,c880_trojan11,PASS,PASS,both_pass,1,864.78,2165.97,1063.090145937167,2266.091878991574,327,24,332,24,327,24,323,26,-5,-9,0,2,4,-2,dac25-inspired,z3-pb-formal,1,2,2,1,1,1,1,1
c880_trojan12,c880,c880_trojan12,PASS,PASS,both_pass,1,1110.96,2117.62,1213.2023309823126,2212.2098080581054,327,24,332,24,327,24,323,26,-5,-9,0,2,4,-2,dac25-inspired,z3-pb-formal,1,2,2,1,1,1,1,1
c880_trojan13,c880,c880_trojan13,PASS,PASS,both_pass,1,568.252,2143.39,657.8612140147015,2210.144547978416,327,24,332,24,327,24,323,26,-5,-9,0,2,4,-2,dac25-inspired,z3-pb-formal,1,2,2,1,1,1,1,1
c880_trojan14,c880,c880_trojan14,PASS,PASS,both_pass,1,570.867,2214.47,662.7670609159395,2260.351456934586,327,24,332,24,327,24,323,26,-5,-9,0,2,4,-2,dac25-inspired,z3-pb-formal,1,2,2,1,1,1,1,1
c880_trojan15,c880,c880_trojan15,PASS,PASS,both_pass,1,429.606,2211.42,516.5941480081528,2260.2414169814438,327,24,332,24,327,24,323,26,-5,-9,0,2,4,-2,dac25-inspired,z3-pb-formal,1,2,2,1,1,1,1,1
c880_trojan16,c880,c880_trojan16,PASS,PASS,both_pass,1,1362.44,2213.55,1473.8987130112946,2261.85336697381,327,24,332,24,327,24,323,26,-5,-9,0,2,4,-2,dac25-inspired,z3-pb-formal,1,2,2,1,1,1,1,1
c880_trojan18,c880,c880_trojan18,PASS,PASS,both_pass,1,547.026,2164.72,663.4439029730856,2262.5611390685663,327,24,332,24,327,24,323,26,-5,-9,0,2,4,-2,dac25-inspired,z3-pb-formal,1,2,2,1,1,1,1,1
c880_trojan19,c880,c880_trojan19,PASS,PASS,both_pass,1,835.87,2127.25,962.1251939097419,2210.156704997644,327,24,332,24,327,24,323,26,-5,-9,0,2,4,-2,dac25-inspired,z3-pb-formal,1,2,2,1,1,1,1,1
c880_trojan2,c880,c880_trojan2,PASS,PASS,both_pass,1,2561.14,2149.04,2672.5864469772205,2213.265817030333,327,24,332,24,327,24,323,26,-5,-9,0,2,4,-2,dac25-inspired,z3-pb-formal,1,2,2,1,1,1,1,1
c880_trojan20,c880,c880_trojan20,PASS,PASS,both_pass,1,495.892,2207.91,615.2786629972979,2260.0206049392,327,24,332,24,327,24,323,26,-5,-9,0,2,4,-2,dac25-inspired,z3-pb-formal,1,2,2,1,1,1,1,1
c880_trojan21,c880,c880_trojan21,PASS,PASS,both_pass,1,1464.09,2146.27,1571.9789819559082,2210.345073021017,327,24,332,24,327,24,323,26,-5,-9,0,2,4,-2,dac25-inspired,z3-pb-formal,1,2,2,1,1,1,1,1
c880_trojan22,c880,c880_trojan22,PASS,PASS,both_pass,1,950.12,2244.44,1066.7255619773641,2311.0421689925715,327,24,332,24,327,24,323,26,-5,-9,0,2,4,-2,dac25-inspired,z3-pb-formal,1,2,2,1,1,1,1,1
c880_trojan23,c880,c880_trojan23,PASS,PASS,both_pass,1,1237.28,2215.66,1369.0807829843834,2311.7424909723923,327,24,332,24,327,24,323,26,-5,-9,0,2,4,-2,dac25-inspired,z3-pb-formal,1,2,2,1,1,1,1,1
c880_trojan24,c880,c880_trojan24,PASS,PASS,both_pass,1,951.157,2203.53,1067.3587350174785,2259.62734001223,327,24,332,24,327,24,323,26,-5,-9,0,2,4,-2,dac25-inspired,z3-pb-formal,1,2,2,1,1,1,1,1
c880_trojan25,c880,c880_trojan25,PASS,PASS,both_pass,1,1663.9,2253.65,1779.856570996344,2312.631134991534,327,24,332,24,327,24,323,26,-5,-9,0,2,4,-2,dac25-inspired,z3-pb-formal,1,2,2,1,1,1,1,1
c880_trojan26,c880,c880_trojan26,PASS,PASS,both_pass,1,644.417,2181.03,775.3354670712724,2264.304529991932,327,24,332,24,327,24,323,26,-5,-9,0,2,4,-2,dac25-inspired,z3-pb-formal,1,2,2,1,1,1,1,1
c880_trojan28,c880,c880_trojan28,PASS,PASS,both_pass,1,442.393,2188.15,567.892346996814,2259.117620997131,327,24,332,24,327,24,323,26,-5,-9,0,2,4,-2,dac25-inspired,z3-pb-formal,1,2,2,1,1,1,1,1
c880_trojan29,c880,c880_trojan29,PASS,PASS,both_pass,1,358.047,2149.79,457.11708592716604,2209.960957057774,327,24,332,24,327,24,323,26,-5,-9,0,2,4,-2,dac25-inspired,z3-pb-formal,1,2,2,1,1,1,1,1
c880_trojan3,c880,c880_trojan3,PASS,PASS,both_pass,1,743.604,2270.57,870.5666470341384,2363.3064039750025,327,24,332,24,327,24,324,26,-5,-8,0,2,3,-2,dac25-inspired,z3-pb-formal,1,3,4,1,1,1,1,1
c880_trojan30,c880,c880_trojan30,PASS,PASS,both_pass,1,439.265,2273.11,565.5084919417277,2365.4149399371818,327,24,332,24,327,24,323,26,-5,-9,0,2,4,-2,dac25-inspired,z3-pb-formal,1,2,2,1,1,1,1,1
c880_trojan31,c880,c880_trojan31,PASS,PASS,both_pass,1,798.212,2155.07,916.338611044921,2210.151470033452,327,24,332,24,327,24,323,26,-5,-9,0,2,4,-2,dac25-inspired,z3-pb-formal,1,2,2,1,1,1,1,1
c880_trojan32,c880,c880_trojan32,PASS,PASS,both_pass,1,1085.94,2124.03,1214.5251940237358,2211.5068800048903,327,24,332,24,327,24,323,26,-5,-9,0,2,4,-2,dac25-inspired,z3-pb-formal,1,2,2,1,1,1,1,1
c880_trojan33,c880,c880_trojan33,PASS,PASS,both_pass,1,823.133,2164.51,917.7959789521992,2209.7739540040493,327,24,332,24,327,24,323,26,-5,-9,0,2,4,-2,dac25-inspired,z3-pb-formal,1,2,2,1,1,1,1,1
c880_trojan34,c880,c880_trojan34,PASS,PASS,both_pass,1,1362.03,2163.85,1470.334765035659,2209.901808993891,327,24,332,24,327,24,323,26,-5,-9,0,2,4,-2,dac25-inspired,z3-pb-formal,1,2,2,1,1,1,1,1
c880_trojan35,c880,c880_trojan35,PASS,PASS,both_pass,1,1627.73,2169.99,1726.5117010101676,2260.387150919996,327,24,332,24,327,24,323,26,-5,-9,0,2,4,-2,dac25-inspired,z3-pb-formal,1,2,2,1,1,1,1,1
c880_trojan36,c880,c880_trojan36,PASS,PASS,both_pass,1,733.903,2183.39,859.9344550166279,2262.538569048047,327,24,332,24,327,24,323,26,-5,-9,0,2,4,-2,dac25-inspired,z3-pb-formal,1,2,2,1,1,1,1,1
c880_trojan37,c880,c880_trojan37,PASS,PASS,both_pass,1,1075.12,2134.31,1167.3122360371053,2214.240947039798,327,24,332,24,327,24,323,26,-5,-9,0,2,4,-2,dac25-inspired,z3-pb-formal,1,2,2,1,1,1,1,1
c880_trojan38,c880,c880_trojan38,PASS,PASS,both_pass,1,356.471,2159.43,466.27308893948793,2209.497313015163,327,24,332,24,327,24,323,26,-5,-9,0,2,4,-2,dac25-inspired,z3-pb-formal,1,2,2,1,1,1,1,1
c880_trojan39,c880,c880_trojan39,PASS,PASS,both_pass,1,820.525,2114.86,913.7688879854977,2213.0656270310283,327,24,332,24,327,24,323,26,-5,-9,0,2,4,-2,dac25-inspired,z3-pb-formal,1,2,2,1,1,1,1,1
c880_trojan4,c880,c880_trojan4,PASS,PASS,both_pass,1,1183.74,2127.61,1316.4005830185488,2211.1925639910623,327,24,332,24,327,24,323,26,-5,-9,0,2,4,-2,dac25-inspired,z3-pb-formal,1,2,2,1,1,1,1,1
c880_trojan40,c880,c880_trojan40,PASS,PASS,both_pass,1,1111.5,2164.35,1214.5521040074527,2210.946007980965,327,24,332,24,327,24,323,26,-5,-9,0,2,4,-2,dac25-inspired,z3-pb-formal,1,2,2,1,1,1,1,1
c880_trojan41,c880,c880_trojan41,PASS,PASS,both_pass,1,283.05,2213.65,414.50589103624225,2259.6854279981926,327,24,332,24,327,24,323,26,-5,-9,0,2,4,-2,dac25-inspired,z3-pb-formal,1,2,2,1,1,1,1,1
c880_trojan42,c880,c880_trojan42,PASS,PASS,both_pass,1,931.236,2112.6,1062.4395499471575,2160.1303499192,327,24,332,24,327,24,323,26,-5,-9,0,2,4,-2,dac25-inspired,z3-pb-formal,1,2,2,1,1,1,1,1
c880_trojan43,c880,c880_trojan43,PASS,PASS,both_pass,1,852.238,2173.24,972.979289945215,2261.9001189013943,327,24,332,24,327,24,323,26,-5,-9,0,2,4,-2,dac25-inspired,z3-pb-formal,1,2,2,1,1,1,1,1
c880_trojan44,c880,c880_trojan44,PASS,PASS,both_pass,1,319.235,2182.33,407.9170199111104,2263.7582110473886,327,24,332,24,327,24,323,26,-5,-9,0,2,4,-2,dac25-inspired,z3-pb-formal,1,2,2,1,1,1,1,1
c880_trojan45,c880,c880_trojan45,PASS,PASS,both_pass,1,1077.33,2179.98,1173.7749159801751,2264.2067869892344,327,24,332,24,327,24,323,26,-5,-9,0,2,4,-2,dac25-inspired,z3-pb-formal,1,2,2,1,1,1,1,1
c880_trojan46,c880,c880_trojan46,PASS,PASS,both_pass,1,583.308,2162.97,666.800822946243,2208.892273949459,327,24,332,24,327,24,323,26,-5,-9,0,2,4,-2,dac25-inspired,z3-pb-formal,1,2,2,1,1,1,1,1
c880_trojan47,c880,c880_trojan47,PASS,PASS,both_pass,1,533.138,2158.61,662.9973279777914,2209.281791932881,327,24,332,24,327,24,323,26,-5,-9,0,2,4,-2,dac25-inspired,z3-pb-formal,1,2,2,1,1,1,1,1
c880_trojan48,c880,c880_trojan48,PASS,PASS,both_pass,1,292.865,2141.62,417.43077198043466,2209.471939015202,327,24,332,24,327,24,323,26,-5,-9,0,2,4,-2,dac25-inspired,z3-pb-formal,1,2,2,1,1,1,1,1
c880_trojan49,c880,c880_trojan49,PASS,PASS,both_pass,1,669.062,2246.83,757.423487957567,2310.0504470057786,327,24,332,24,327,24,323,26,-5,-9,0,2,4,-2,dac25-inspired,z3-pb-formal,1,2,2,1,1,1,1,1
c880_trojan5,c880,c880_trojan5,PASS,PASS,both_pass,1,575.842,2252.75,662.7144450321794,2309.798753936775,327,24,332,24,327,24,323,26,-5,-9,0,2,4,-2,dac25-inspired,z3-pb-formal,1,2,2,1,1,1,1,1
c880_trojan50,c880,c880_trojan50,PASS,PASS,both_pass,1,1832.95,3596.83,2002.524462994188,3695.645359926857,327,24,321,21,316,21,316,21,-5,-5,0,0,0,0,tie,tie,1,0,1,1,1,1,1,1
c880_trojan51,c880,c880_trojan51,PASS,PASS,both_pass,1,3714.98,3566.21,3906.2441610731184,3645.043073920533,327,24,320,21,315,21,315,21,-5,-5,0,0,0,0,tie,tie,1,0,1,1,1,1,1,1
c880_trojan52,c880,c880_trojan52,PASS,PASS,both_pass,1,2093.83,4378.14,2255.784578039311,4504.757715971209,327,24,320,21,315,21,313,23,-5,-7,0,2,2,-2,dac25-inspired,z3-pb-formal,1,5,4,1,1,1,1,1
c880_trojan53,c880,c880_trojan53,PASS,PASS,both_pass,1,1104.85,4833.98,1253.9546609623358,4997.560448944569,327,24,320,21,315,21,321,22,-5,1,0,1,-6,-1,z3-pb-formal,z3-pb-formal,1,3,2,1,1,1,1,1
c880_trojan54,c880,c880_trojan54,PASS,PASS,both_pass,1,2479.3,4403.05,2651.4519799966365,4497.663261019625,327,24,320,21,315,21,315,21,-5,-5,0,0,0,0,tie,tie,1,0,1,1,1,1,1,1
c880_trojan55,c880,c880_trojan55,PASS,PASS,both_pass,1,667.469,4648.53,794.9027589056641,4747.817548923194,327,24,320,21,315,21,315,21,-5,-5,0,0,0,0,tie,tie,1,0,1,1,1,1,1,1
c880_trojan56,c880,c880_trojan56,PASS,PASS,both_pass,1,2008.14,3610.8,2157.1339740185067,3695.5909040989354,327,24,319,21,315,21,315,21,-4,-4,0,0,0,0,tie,tie,1,0,1,1,1,1,1,1
c880_trojan57,c880,c880_trojan57,PASS,PASS,both_pass,1,1646.97,3170.45,1799.5357770705596,3301.4357869978994,327,24,321,21,315,21,315,21,-6,-6,0,0,0,0,tie,tie,1,0,1,1,1,1,1,1
c880_trojan58,c880,c880_trojan58,PASS,PASS,both_pass,1,669.55,3251.73,853.2080330187455,3342.310987995006,327,24,320,21,315,21,315,21,-5,-5,0,0,0,0,tie,tie,1,0,1,1,1,1,1,1
c880_trojan59,c880,c880_trojan59,PASS,PASS,both_pass,1,2604.38,3542.48,2750.7897770265117,3644.042285042815,327,24,320,21,315,21,315,21,-5,-5,0,0,0,0,tie,tie,1,0,1,1,1,1,1,1
c880_trojan6,c880,c880_trojan6,PASS,PASS,both_pass,1,1119.1,2254.46,1216.089955996722,2318.3477099519223,327,24,332,24,327,24,323,26,-5,-9,0,2,4,-2,dac25-inspired,z3-pb-formal,1,2,2,1,1,1,1,1
c880_trojan60,c880,c880_trojan60,PASS,PASS,both_pass,1,1576.11,4493.23,1710.0393779110163,4612.878437968902,327,24,320,21,315,21,315,21,-5,-5,0,0,0,0,tie,tie,1,0,1,1,1,1,1,1
c880_trojan61,c880,c880_trojan61,PASS,PASS,both_pass,1,404.906,4223.65,542.8194029955193,4433.051361935213,327,24,319,21,316,21,316,21,-3,-3,0,0,0,0,tie,tie,1,0,1,1,1,1,1,1
c880_trojan62,c880,c880_trojan62,PASS,PASS,both_pass,1,1625.11,4233.94,1752.7010310441256,4398.6730290343985,327,24,320,21,315,21,315,21,-5,-5,0,0,0,0,tie,tie,1,0,1,1,1,1,1,1
c880_trojan63,c880,c880_trojan63,PASS,PASS,both_pass,1,523.128,5539.55,644.7091669542715,5659.451075945981,327,24,320,21,315,21,313,23,-5,-7,0,2,2,-2,dac25-inspired,z3-pb-formal,1,5,4,1,1,1,1,1
c880_trojan64,c880,c880_trojan64,PASS,PASS,both_pass,1,351.518,3695.47,492.22809507045895,3807.0381990401074,327,24,321,21,316,21,316,21,-5,-5,0,0,0,0,tie,tie,1,0,1,1,1,1,1,1
c880_trojan65,c880,c880_trojan65,PASS,PASS,both_pass,1,325.71,3379.98,444.73796198144555,3513.8082690536976,327,24,320,21,315,21,315,21,-5,-5,0,0,0,0,tie,tie,1,0,1,1,1,1,1,1
c880_trojan66,c880,c880_trojan66,PASS,PASS,both_pass,1,1335.61,4303.94,1505.3260520799085,4464.46993004065,327,24,319,21,315,21,315,21,-4,-4,0,0,0,0,tie,tie,1,0,1,1,1,1,1,1
c880_trojan68,c880,c880_trojan68,PASS,PASS,both_pass,1,657.387,3193.37,797.8624849347398,3297.548616072163,327,24,319,21,315,21,315,21,-4,-4,0,0,0,0,tie,tie,1,0,1,1,1,1,1,1
c880_trojan69,c880,c880_trojan69,PASS,PASS,both_pass,1,1263.92,3443.14,1410.5795139912516,3557.2674359427765,327,24,321,21,315,21,315,21,-6,-6,0,0,0,0,tie,tie,1,0,1,1,1,1,1,1
c880_trojan7,c880,c880_trojan7,PASS,PASS,both_pass,1,410.697,2069.25,516.9142259983346,2162.9994390532374,327,24,332,24,327,24,323,26,-5,-9,0,2,4,-2,dac25-inspired,z3-pb-formal,1,2,2,1,1,1,1,1
c880_trojan70,c880,c880_trojan70,PASS,PASS,both_pass,1,1536.23,3443.44,1698.0735249817371,3548.8316300325096,327,24,320,21,315,21,315,21,-5,-5,0,0,0,0,tie,tie,1,0,1,1,1,1,1,1
c880_trojan71,c880,c880_trojan71,PASS,PASS,both_pass,1,2267.99,3592.77,2449.880492989905,3696.603566990234,327,24,320,21,315,21,315,21,-5,-5,0,0,0,0,tie,tie,1,0,1,1,1,1,1,1
c880_trojan72,c880,c880_trojan72,PASS,PASS,both_pass,1,1272.67,4376.1,1395.91239602305,4499.47304406669,327,24,320,21,315,21,315,21,-5,-5,0,0,0,0,tie,tie,1,0,1,1,1,1,1,1
c880_trojan73,c880,c880_trojan73,PASS,PASS,both_pass,1,1795.7,2880.63,1951.0569180129096,2995.443170075305,327,24,321,21,316,21,328,24,-5,7,0,3,-12,-3,z3-pb-formal,z3-pb-formal,1,5,6,1,1,1,1,1
c880_trojan74,c880,c880_trojan74,PASS,PASS,both_pass,1,1131.58,4079.02,1300.300090922974,4196.076276013628,327,24,320,21,315,21,315,21,-5,-5,0,0,0,0,tie,tie,1,0,1,1,1,1,1,1
c880_trojan75,c880,c880_trojan75,PASS,PASS,both_pass,1,1514.33,5443.85,1651.6613479470834,5550.3345729084685,327,24,322,21,316,21,316,21,-6,-6,0,0,0,0,tie,tie,1,0,1,1,1,1,1,1
c880_trojan76,c880,c880_trojan76,PASS,PASS,both_pass,1,473.132,3843.3,610.2300368947908,3948.2663540402427,327,24,321,21,316,21,316,21,-5,-5,0,0,0,0,tie,tie,1,0,1,1,1,1,1,1
c880_trojan78,c880,c880_trojan78,PASS,PASS,both_pass,1,813.712,4981.03,951.2500149430707,5102.387422928587,327,24,320,21,315,21,315,21,-5,-5,0,0,0,0,tie,tie,1,0,1,1,1,1,1,1
c880_trojan79,c880,c880_trojan79,PASS,PASS,both_pass,1,639.968,3547.09,790.592064964585,3646.270832978189,327,24,321,21,316,21,316,21,-5,-5,0,0,0,0,tie,tie,1,0,1,1,1,1,1,1
c880_trojan8,c880,c880_trojan8,PASS,PASS,both_pass,1,528.247,2165.55,614.895154023543,2266.3493159925565,327,24,332,24,327,24,323,26,-5,-9,0,2,4,-2,dac25-inspired,z3-pb-formal,1,2,2,1,1,1,1,1
c880_trojan80,c880,c880_trojan80,PASS,PASS,both_pass,1,560.512,3575.94,696.0558220744133,3698.264076025225,327,24,320,21,315,21,315,21,-5,-5,0,0,0,0,tie,tie,1,0,1,1,1,1,1,1
c880_trojan81,c880,c880_trojan81,PASS,PASS,both_pass,1,827.356,4072.24,945.9945629350841,4195.672580972314,327,24,320,21,315,21,315,21,-5,-5,0,0,0,0,tie,tie,1,0,1,1,1,1,1,1
c880_trojan82,c880,c880_trojan82,PASS,PASS,both_pass,1,1245.99,4510.75,1403.188172960654,4595.828408957459,327,24,320,21,315,21,315,21,-5,-5,0,0,0,0,tie,tie,1,0,1,1,1,1,1,1
c880_trojan83,c880,c880_trojan83,PASS,PASS,both_pass,1,1366.47,3978.15,1496.4720290154219,4095.8477649837732,327,24,319,21,315,21,315,21,-4,-4,0,0,0,0,tie,tie,1,0,1,1,1,1,1,1
c880_trojan84,c880,c880_trojan84,PASS,PASS,both_pass,1,472.546,3936.22,598.3542989706621,4053.394975955598,327,24,320,21,315,21,315,21,-5,-5,0,0,0,0,tie,tie,1,0,1,1,1,1,1,1
c880_trojan85,c880,c880_trojan85,PASS,PASS,both_pass,1,2067.87,4250.19,2200.853356043808,4345.478196046315,327,24,320,21,315,21,315,21,-5,-5,0,0,0,0,tie,tie,1,0,1,1,1,1,1,1
c880_trojan86,c880,c880_trojan86,PASS,PASS,both_pass,1,2061.46,3663.72,2199.969362001866,3745.2716749394313,327,24,320,21,316,21,316,21,-4,-4,0,0,0,0,tie,tie,1,0,1,1,1,1,1,1
c880_trojan87,c880,c880_trojan87,PASS,PASS,both_pass,1,1566.38,3862.59,1706.3074209727347,3944.997361046262,327,24,321,21,316,21,316,21,-5,-5,0,0,0,0,tie,tie,1,0,1,1,1,1,1,1
c880_trojan88,c880,c880_trojan88,PASS,PASS,both_pass,1,334.586,3419.66,495.40414998773485,3553.1606250442564,327,24,320,21,316,21,316,21,-4,-4,0,0,0,0,tie,tie,1,0,1,1,1,1,1,1
c880_trojan89,c880,c880_trojan89,PASS,PASS,both_pass,1,814.995,3395.84,945.001762942411,3497.061494970694,327,24,320,21,315,21,315,21,-5,-5,0,0,0,0,tie,tie,1,0,1,1,1,1,1,1
c880_trojan9,c880,c880_trojan9,PASS,PASS,both_pass,1,1458.56,2131.93,1570.417552953586,2214.152131928131,327,24,332,24,327,24,323,26,-5,-9,0,2,4,-2,dac25-inspired,z3-pb-formal,1,2,2,1,1,1,1,1
c880_trojan90,c880,c880_trojan90,PASS,PASS,both_pass,1,1543.07,3539.67,1705.9179849456996,3646.183824981563,327,24,320,21,315,21,315,21,-5,-5,0,0,0,0,tie,tie,1,0,1,1,1,1,1,1
c880_trojan91,c880,c880_trojan91,PASS,PASS,both_pass,1,371.952,4721.39,494.4800779921934,4851.460714940913,327,24,321,21,315,21,315,21,-6,-6,0,0,0,0,tie,tie,1,0,1,1,1,1,1,1
c880_trojan92,c880,c880_trojan92,PASS,PASS,both_pass,1,1226.76,3434.17,1345.4155729850754,3545.6738339271396,327,24,320,21,315,21,315,21,-5,-5,0,0,0,0,tie,tie,1,0,1,1,1,1,1,1
c880_trojan93,c880,c880_trojan93,PASS,PASS,both_pass,1,1340.42,3854.06,1505.706054973416,3945.8909110398963,327,24,320,21,315,21,313,23,-5,-7,0,2,2,-2,dac25-inspired,z3-pb-formal,1,5,4,1,1,1,1,1
c880_trojan94,c880,c880_trojan94,PASS,PASS,both_pass,1,464.041,3361.66,592.5317789660767,3446.7677790671587,327,24,320,21,315,21,315,21,-5,-5,0,0,0,0,tie,tie,1,0,1,1,1,1,1,1
c880_trojan95,c880,c880_trojan95,PASS,PASS,both_pass,1,2457.45,4070.87,2603.4517369698733,4196.92042900715,327,24,320,21,316,21,316,21,-4,-4,0,0,0,0,tie,tie,1,0,1,1,1,1,1,1
c880_trojan96,c880,c880_trojan96,PASS,PASS,both_pass,1,776.808,3278.45,945.176147040911,3395.4107289901003,327,24,320,21,315,21,315,21,-5,-5,0,0,0,0,tie,tie,1,0,1,1,1,1,1,1
c880_trojan97,c880,c880_trojan97,PASS,PASS,both_pass,1,1061.06,3545.26,1195.3441250370815,3644.3892989773303,327,24,320,21,315,21,315,21,-5,-5,0,0,0,0,tie,tie,1,0,1,1,1,1,1,1
c880_trojan98,c880,c880_trojan98,PASS,PASS,both_pass,1,648.082,3864.06,800.062590977177,4012.032650061883,327,24,317,21,315,21,315,21,-2,-2,0,0,0,0,tie,tie,1,0,1,1,1,1,1,1
c880_trojan99,c880,c880_trojan99,PASS,PASS,both_pass,1,629.247,3701.52,747.3024199716747,3802.0092060323805,327,24,320,21,315,21,315,21,-5,-5,0,0,0,0,tie,tie,1,0,1,1,1,1,1,1
