circuit,trojan,a_status,b_status,c_status,a_runtime_ms,b_runtime_ms,c_runtime_ms,b_over_c_runtime,a_cec_rounds,b_cec_rounds,c_cec_rounds,a_dt_builds,b_dt_builds,c_dt_builds,b_effective_rules,b_effective_literals,b_effective_depth,c_effective_rules,c_effective_literals,c_effective_depth,formal_miter_status,formal_miter_added,formal_miter_fn,formal_miter_fp,formal_miter_retries,formal_miter_proved,formal_miter_total_ms
aes,aes_trojan1,PASS,PASS,PASS,89088.4,68066.7,46568.3,1.4616530987817893,0,0,0,1,1,1,1,1,1,1,1,1,skipped,0,0,0,0,0,0
c2670,c2670_trojan0,PASS,PASS,PASS,599.998,451.515,509.459,0.8862636640043654,0,0,0,1,1,1,1,1,1,1,1,1,proved,0,0,0,0,1,34.8318
c2670,c2670_trojan1,PASS,PASS,PASS,439.352,517.27,923.449,0.5601500461855501,0,0,0,1,1,2,1,1,1,1,1,1,proved,5,0,5,1,1,94.0001
c2670,c2670_trojan10,PASS,PASS,PASS,1189.02,1036.86,1033.51,1.0032413813122272,0,0,0,1,1,1,1,1,1,1,1,1,proved,0,0,0,0,1,36.4273
c2670,c2670_trojan11,PASS,PASS,PASS,594.275,468.391,522.205,0.8969485163872425,0,0,0,1,1,1,1,1,1,1,1,1,proved,0,0,0,0,1,33.1218
c2670,c2670_trojan12,PASS,PASS,PASS,638.083,662.112,773.184,0.8563446734541843,1,1,0,2,2,2,1,1,1,1,1,1,proved,5,0,5,1,1,95.5136
c2670,c2670_trojan13,PASS,PASS,PASS,380.757,487.82,431.862,1.1295737990376555,0,0,0,1,1,1,1,1,1,1,1,1,proved,0,0,0,0,1,32.194
c2670,c2670_trojan14,PASS,PASS,PASS,481.736,589.05,614.011,0.9593476338371788,0,0,0,1,1,1,1,1,1,1,1,1,proved,0,0,0,0,1,32.7874
c2670,c2670_trojan15,PASS,PASS,PASS,827.012,652.425,779.853,0.8365999746105997,1,1,0,2,2,2,1,1,1,1,1,1,proved,5,0,5,1,1,89.8851
c2670,c2670_trojan16,PASS,PASS,PASS,843.667,627.375,875.116,0.7169049588854506,1,1,0,2,2,2,1,1,1,1,1,1,proved,5,0,5,1,1,90.545
c2670,c2670_trojan17,PASS,PASS,PASS,515.891,467.125,456.611,1.0230261645032643,0,0,0,1,1,1,1,1,1,1,1,1,proved,0,0,0,0,1,32.2651
c2670,c2670_trojan18,PASS,PASS,PASS,566.61,597.038,650.859,0.9173077425371701,0,0,0,1,1,1,1,1,1,1,1,1,proved,0,0,0,0,1,33.7787
c2670,c2670_trojan19,PASS,PASS,PASS,510.685,458.237,559.989,0.8182964308227483,0,0,0,1,1,1,1,1,1,1,1,1,proved,0,0,0,0,1,33.9736
c2670,c2670_trojan2,PASS,PASS,PASS,546.525,420.109,527.495,0.7964227149072503,0,0,0,1,1,1,1,1,1,1,1,1,proved,0,0,0,0,1,33.8082
c2670,c2670_trojan20,PASS,PASS,PASS,365.975,369.581,454.1,0.8138757982823167,0,0,0,1,1,1,1,1,1,1,1,1,proved,0,0,0,0,1,33.6309
c2670,c2670_trojan21,PASS,PASS,PASS,423.802,362.974,438.517,0.8277307379189404,0,0,0,1,1,1,1,1,1,1,1,1,proved,0,0,0,0,1,33.3071
c2670,c2670_trojan22,PASS,PASS,PASS,433.748,386.61,477.796,0.8091528602164941,0,0,0,1,1,1,1,1,1,1,1,1,proved,0,0,0,0,1,33.7523
c2670,c2670_trojan23,PASS,PASS,PASS,617.001,478.415,611.018,0.7829802068024183,0,0,0,1,1,1,1,1,1,1,1,1,proved,0,0,0,0,1,34.3016
c2670,c2670_trojan24,PASS,PASS,PASS,949.35,1108.53,992.51,1.116895547651913,0,0,0,1,1,1,1,1,1,1,1,1,proved,0,0,0,0,1,34.3135
c2670,c2670_trojan25,PASS,PASS,PASS,748.691,745.3,802.51,0.928711168708178,0,0,0,1,1,1,1,1,1,1,1,1,proved,0,0,0,0,1,33.0567
c2670,c2670_trojan26,PASS,PASS,PASS,422.941,453.194,435.789,1.03993905307385,0,0,0,1,1,1,1,1,1,1,1,1,proved,0,0,0,0,1,34.6158
c2670,c2670_trojan27,PASS,PASS,PASS,485.67,416.208,638.324,0.6520325101359186,0,0,0,1,1,1,1,1,1,1,1,1,proved,0,0,0,0,1,33.8947
c2670,c2670_trojan28,PASS,PASS,PASS,1027.02,558.285,644.206,0.8666249615806123,1,0,0,2,1,1,1,1,1,1,1,1,proved,0,0,0,0,1,33.3141
c2670,c2670_trojan29,PASS,PASS,PASS,451.136,421.142,559.942,0.7521171835654407,0,0,0,1,1,1,1,1,1,1,1,1,proved,0,0,0,0,1,35.3178
c2670,c2670_trojan3,PASS,PASS,PASS,980.53,918.682,1044.45,0.8795844702953708,1,1,0,2,2,2,1,1,1,1,1,1,proved,5,0,5,1,1,90.9597
c2670,c2670_trojan30,PASS,PASS,PASS,461.031,431.169,523.339,0.8238808879139524,0,0,0,1,1,1,1,1,1,1,1,1,proved,0,0,0,0,1,32.8655
c2670,c2670_trojan31,PASS,PASS,PASS,540.226,571.996,704.628,0.8117701822805792,0,0,0,1,1,1,1,1,1,1,1,1,proved,0,0,0,0,1,36.85
c2670,c2670_trojan32,PASS,PASS,PASS,417.882,513.714,516.985,0.9936729305492423,0,0,0,1,1,1,1,1,1,1,1,1,proved,0,0,0,0,1,33.4686
c2670,c2670_trojan33,PASS,PASS,PASS,371.132,591.997,776.717,0.7621785025948962,0,1,0,1,2,2,1,1,1,1,1,1,proved,5,0,5,1,1,91.10220000000001
c2670,c2670_trojan34,PASS,PASS,PASS,527.068,461.176,475.99,0.9688774974264165,0,0,0,1,1,1,1,1,1,1,1,1,proved,0,0,0,0,1,33.5155
c2670,c2670_trojan35,PASS,PASS,PASS,454.699,385.238,526.648,0.7314904832069997,0,0,0,1,1,1,1,1,1,1,1,1,proved,0,0,0,0,1,33.7884
c2670,c2670_trojan36,PASS,PASS,PASS,440.98,555.852,571.456,0.9726943106730876,0,0,0,1,1,1,1,1,1,1,1,1,proved,0,0,0,0,1,32.8844
c2670,c2670_trojan37,PASS,PASS,PASS,424.623,432.126,502.151,0.8605499142688154,0,0,0,1,1,1,1,1,1,1,1,1,proved,0,0,0,0,1,32.5111
c2670,c2670_trojan38,PASS,PASS,PASS,438.936,388.932,559.187,0.6955311908180984,0,0,0,1,1,1,1,1,1,1,1,1,proved,0,0,0,0,1,33.5452
c2670,c2670_trojan39,PASS,PASS,PASS,383.802,395.606,455.645,0.868232944507237,0,0,0,1,1,1,1,1,1,1,1,1,proved,0,0,0,0,1,33.8404
c2670,c2670_trojan4,PASS,PASS,PASS,401.985,383.476,447.333,0.8572495210503137,0,0,0,1,1,1,1,1,1,1,1,1,proved,0,0,0,0,1,31.4791
c2670,c2670_trojan40,PASS,PASS,PASS,586.519,584.117,619.378,0.9430703060166811,0,0,0,1,1,1,1,1,1,1,1,1,proved,0,0,0,0,1,33.4384
c2670,c2670_trojan41,PASS,PASS,PASS,926.175,806.404,791.345,1.0190296267746684,0,0,0,1,1,1,1,1,1,1,1,1,proved,0,0,0,0,1,32.9179
c2670,c2670_trojan42,PASS,PASS,PASS,574.864,521.526,691.674,0.7540054997007261,0,0,0,1,1,1,1,1,1,1,1,1,proved,0,0,0,0,1,41.7288
c2670,c2670_trojan43,PASS,PASS,PASS,1879.61,2016.28,1466.87,1.3745458016047776,0,0,0,1,1,1,1,1,1,1,1,1,proved,0,0,0,0,1,32.4995
c2670,c2670_trojan44,PASS,PASS,PASS,414.119,398.516,492.343,0.8094275738661868,0,0,0,1,1,1,1,1,1,1,1,1,proved,0,0,0,0,1,33.9559
c2670,c2670_trojan45,PASS,PASS,PASS,466.507,372.022,498.483,0.7463082993803198,0,0,0,1,1,1,1,1,1,1,1,1,proved,0,0,0,0,1,34.4806
c2670,c2670_trojan46,PASS,PASS,PASS,1033.09,1603.06,1058.49,1.5144781717352076,0,0,0,1,1,1,1,1,1,1,1,1,proved,0,0,0,0,1,31.0096
c2670,c2670_trojan47,PASS,PASS,PASS,614.101,583.351,586.495,0.9946393404888362,0,0,0,1,1,1,1,1,1,1,1,1,proved,0,0,0,0,1,31.0698
c2670,c2670_trojan48,PASS,PASS,PASS,991.991,971.834,1046.78,0.9284032939108504,0,0,0,1,1,1,1,1,1,1,1,1,proved,0,0,0,0,1,31.8708
c2670,c2670_trojan49,PASS,PASS,PASS,468.107,463.639,509.965,0.9091584716598199,0,0,0,1,1,1,1,1,1,1,1,1,proved,0,0,0,0,1,31.7553
c2670,c2670_trojan5,PASS,PASS,PASS,445.251,446.21,494.233,0.9028332790404525,0,0,0,1,1,1,1,1,1,1,1,1,proved,0,0,0,0,1,31.4322
c2670,c2670_trojan50,PASS,PASS,PASS,376.374,365.668,545.518,0.6703133535465374,0,0,0,1,1,1,1,1,1,1,1,1,proved,0,0,0,0,1,87.9247
c2670,c2670_trojan51,PASS,PASS,PASS,653.198,607.804,1464.15,0.4151241334562715,1,1,0,2,2,3,1,1,1,1,1,1,proved,10,0,10,2,1,305.9097
c2670,c2670_trojan52,PASS,PASS,PASS,581.914,592.178,823.457,0.7191365183610073,0,0,0,1,1,1,1,1,1,1,1,1,proved,0,0,0,0,1,81.983
c2670,c2670_trojan53,PASS,PASS,PASS,1592.0,1602.36,3108.89,0.5154122532479438,0,0,0,1,1,2,1,1,1,1,1,1,proved,5,0,5,1,1,207.2798
c2670,c2670_trojan54,PASS,PASS,PASS,504.983,411.913,532.978,0.7728517875034242,0,0,0,1,1,1,1,1,1,1,1,1,proved,0,0,0,0,1,80.6842
c2670,c2670_trojan55,PASS,PASS,PASS,448.131,429.174,558.321,0.7686868306941704,0,0,0,1,1,1,1,1,1,1,1,1,proved,0,0,0,0,1,89.1168
c2670,c2670_trojan56,PASS,PASS,PASS,501.562,509.26,650.57,0.7827904760440844,0,0,0,1,1,1,1,1,1,1,1,1,proved,0,0,0,0,1,95.4455
c2670,c2670_trojan57,PASS,PASS,PASS,569.241,508.721,706.737,0.719816565426743,0,0,0,1,1,1,1,1,1,1,1,1,proved,0,0,0,0,1,86.5809
c2670,c2670_trojan58,PASS,PASS,PASS,608.125,565.887,713.462,0.7931564680389425,0,0,0,1,1,1,1,1,1,1,1,1,proved,0,0,0,0,1,83.1733
c2670,c2670_trojan59,PASS,PASS,PASS,389.082,386.893,507.283,0.7626768490172152,0,0,0,1,1,1,1,1,1,1,1,1,proved,0,0,0,0,1,81.914
c2670,c2670_trojan6,PASS,PASS,PASS,536.196,463.5,531.05,0.8727991714527823,0,0,0,1,1,1,1,1,1,1,1,1,proved,0,0,0,0,1,35.3585
c2670,c2670_trojan60,PASS,PASS,PASS,941.192,848.753,1082.64,0.7839660459617231,0,0,0,1,1,1,1,1,1,1,1,1,proved,0,0,0,0,1,90.6878
c2670,c2670_trojan61,PASS,PASS,PASS,499.262,512.173,681.646,0.7513768143581859,0,0,0,1,1,1,1,1,1,1,1,1,proved,0,0,0,0,1,119.1845
c2670,c2670_trojan62,PASS,PASS,PASS,704.751,589.131,1267.31,0.4648673173887999,1,1,0,2,2,3,1,1,1,1,1,1,proved,10,0,10,2,1,332.30510000000004
c2670,c2670_trojan63,PASS,PASS,PASS,384.395,380.592,914.732,0.41606940612113713,0,0,0,1,1,2,1,1,1,1,1,1,proved,5,0,5,1,1,212.7602
c2670,c2670_trojan64,PASS,PASS,PASS,780.08,677.122,916.221,0.7390378522212435,0,0,0,1,1,1,1,1,1,1,1,1,proved,0,0,0,0,1,89.4142
c2670,c2670_trojan65,PASS,PASS,PASS,798.433,705.26,993.323,0.710000674503661,1,1,0,2,2,2,1,1,1,1,1,1,proved,5,0,5,1,1,202.91160000000002
c2670,c2670_trojan66,PASS,PASS,PASS,655.81,620.13,1350.58,0.45915828755053384,1,1,0,2,2,3,1,1,1,1,1,1,proved,10,0,10,2,1,339.03610000000003
c2670,c2670_trojan67,PASS,PASS,PASS,558.537,408.535,614.377,0.6649581608686524,0,0,0,1,1,1,1,1,1,1,1,1,proved,0,0,0,0,1,108.0173
c2670,c2670_trojan68,PASS,PASS,PASS,405.6,454.391,568.987,0.7985964529945325,0,0,0,1,1,1,1,1,1,1,1,1,proved,0,0,0,0,1,77.6643
c2670,c2670_trojan69,PASS,PASS,PASS,523.713,458.563,642.461,0.7137600570306991,0,0,0,1,1,1,1,1,1,1,1,1,proved,0,0,0,0,1,91.3655
c2670,c2670_trojan7,PASS,PASS,PASS,530.244,504.896,567.773,0.8892567980513338,0,0,0,1,1,1,1,1,1,1,1,1,proved,0,0,0,0,1,33.3232
c2670,c2670_trojan70,PASS,PASS,PASS,380.596,386.12,573.454,0.673323405190303,0,0,0,1,1,1,1,1,1,1,1,1,proved,0,0,0,0,1,89.6549
c2670,c2670_trojan71,PASS,PASS,PASS,895.187,814.721,938.255,0.868336433059243,0,0,0,1,1,1,1,1,1,1,1,1,proved,0,0,0,0,1,95.1006
c2670,c2670_trojan72,PASS,PASS,PASS,383.598,403.671,460.428,0.8767299121686778,0,0,0,1,1,1,1,1,1,1,1,1,proved,0,0,0,0,1,70.7211
c2670,c2670_trojan73,PASS,PASS,PASS,569.923,546.099,622.656,0.8770476796176382,0,0,0,1,1,1,1,1,1,1,1,1,proved,0,0,0,0,1,85.541
c2670,c2670_trojan74,PASS,PASS,PASS,654.132,1114.63,730.286,1.5262924388527237,0,0,0,1,1,1,1,1,1,1,1,1,proved,0,0,0,0,1,88.6759
c2670,c2670_trojan75,PASS,PASS,PASS,2646.35,2586.38,4251.66,0.6083223964286891,0,0,0,1,1,2,1,1,1,1,1,1,proved,5,0,5,1,1,192.043
c2670,c2670_trojan76,PASS,PASS,PASS,413.319,515.327,532.551,0.9676575576799217,0,0,0,1,1,1,1,1,1,1,1,1,proved,0,0,0,0,1,87.826
c2670,c2670_trojan77,PASS,PASS,PASS,451.455,506.075,549.125,0.921602549510585,0,0,0,1,1,1,1,1,1,1,1,1,proved,0,0,0,0,1,91.319
c2670,c2670_trojan78,PASS,PASS,PASS,1553.95,1833.57,3255.23,0.5632689548818363,0,0,0,1,1,2,1,1,1,1,1,1,proved,5,0,5,1,1,221.3751
c2670,c2670_trojan79,PASS,PASS,PASS,925.73,857.996,943.293,0.9095752857277644,0,0,0,1,1,1,1,1,1,1,1,1,proved,0,0,0,0,1,94.1315
c2670,c2670_trojan8,PASS,PASS,PASS,558.679,546.061,638.485,0.8552448373885057,0,0,0,1,1,1,1,1,1,1,1,1,proved,0,0,0,0,1,33.5433
c2670,c2670_trojan80,PASS,PASS,PASS,909.3,872.354,1045.96,0.8340223335500402,0,0,0,1,1,1,1,1,1,1,1,1,proved,0,0,0,0,1,110.3874
c2670,c2670_trojan81,PASS,PASS,PASS,1662.27,1647.69,1771.66,0.9300260772382962,0,0,0,1,1,1,1,1,1,1,1,1,proved,0,0,0,0,1,87.9863
c2670,c2670_trojan82,PASS,PASS,PASS,407.472,376.307,528.627,0.7118573209465276,0,0,0,1,1,1,1,1,1,1,1,1,proved,0,0,0,0,1,94.4732
c2670,c2670_trojan83,PASS,PASS,PASS,864.16,544.288,1264.63,0.4303930793987174,2,1,0,3,2,3,1,1,1,1,1,1,proved,10,0,10,2,1,298.7016
c2670,c2670_trojan84,PASS,PASS,PASS,526.76,448.874,743.324,0.6038739499868161,0,0,0,1,1,1,1,1,1,1,1,1,proved,0,0,0,0,1,85.5093
c2670,c2670_trojan85,PASS,PASS,PASS,504.303,391.384,598.669,0.6537569174284956,0,0,0,1,1,1,1,1,1,1,1,1,proved,0,0,0,0,1,93.3622
c2670,c2670_trojan86,PASS,PASS,PASS,633.198,557.589,701.184,0.7952106722343922,0,0,0,1,1,1,1,1,1,1,1,1,proved,0,0,0,0,1,98.6828
c2670,c2670_trojan87,PASS,PASS,PASS,500.971,415.077,581.139,0.7142473659485941,0,0,0,1,1,1,1,1,1,1,1,1,proved,0,0,0,0,1,82.1229
c2670,c2670_trojan88,PASS,PASS,PASS,554.31,397.103,586.335,0.6772629981154118,0,0,0,1,1,1,1,1,1,1,1,1,proved,0,0,0,0,1,88.2269
c2670,c2670_trojan89,PASS,PASS,PASS,490.278,457.557,611.471,0.748288962191175,0,0,0,1,1,1,1,1,1,1,1,1,proved,0,0,0,0,1,95.8482
c2670,c2670_trojan9,PASS,PASS,PASS,444.369,350.251,450.465,0.7775321057129855,0,0,0,1,1,1,1,1,1,1,1,1,proved,0,0,0,0,1,32.3109
c2670,c2670_trojan90,PASS,PASS,PASS,604.038,587.186,723.446,0.8116514570541548,0,0,0,1,1,1,1,1,1,1,1,1,proved,0,0,0,0,1,81.9301
c2670,c2670_trojan91,PASS,PASS,PASS,1157.36,1261.91,1376.47,0.9167726140053907,0,0,0,1,1,1,1,1,1,1,1,1,proved,0,0,0,0,1,107.0566
c2670,c2670_trojan92,PASS,PASS,PASS,756.135,673.856,869.902,0.7746343841030369,0,0,0,1,1,1,1,1,1,1,1,1,proved,0,0,0,0,1,90.4371
c2670,c2670_trojan93,PASS,PASS,PASS,520.263,550.822,647.84,0.8502438873795999,0,0,0,1,1,1,1,1,1,1,1,1,proved,0,0,0,0,1,74.1362
c2670,c2670_trojan94,PASS,PASS,PASS,616.392,551.065,669.674,0.8228854636733696,0,0,0,1,1,1,1,1,1,1,1,1,proved,0,0,0,0,1,93.4919
c2670,c2670_trojan95,PASS,PASS,PASS,466.327,452.775,573.924,0.7889110753340164,0,0,0,1,1,1,1,1,1,1,1,1,proved,0,0,0,0,1,73.6369
c2670,c2670_trojan96,PASS,PASS,PASS,1167.36,1185.29,1221.99,0.9699670210067185,0,0,0,1,1,1,1,1,1,1,1,1,proved,0,0,0,0,1,88.7195
c2670,c2670_trojan97,PASS,PASS,PASS,589.055,564.699,797.235,0.7083218875237539,0,0,0,1,1,1,1,1,1,1,1,1,proved,0,0,0,0,1,80.1246
c2670,c2670_trojan98,PASS,PASS,PASS,867.512,814.842,982.508,0.8293489722221091,0,0,0,1,1,1,1,1,1,1,1,1,proved,0,0,0,0,1,94.4755
c2670,c2670_trojan99,PASS,PASS,PASS,730.854,702.858,865.261,0.8123075002802622,0,0,0,1,1,1,1,1,1,1,1,1,proved,0,0,0,0,1,95.8215
c3540,c3540_trojan0,PASS,PASS,PASS,5314.32,4987.94,4690.69,1.0633702077945888,0,0,0,1,1,1,1,1,1,1,1,1,skipped,0,0,0,0,0,0
c3540,c3540_trojan1,PASS,PASS,PASS,2670.3,2437.32,2078.97,1.172369009653819,0,0,0,1,1,1,1,1,1,1,1,1,proved,0,0,0,0,1,168.5707
c3540,c3540_trojan10,PASS,PASS,PASS,2906.69,10875.3,2890.02,3.763053542882056,0,0,0,1,1,1,1,1,1,1,1,1,skipped,0,0,0,0,0,0
c3540,c3540_trojan11,PASS,PASS,PASS,5804.98,6375.88,6239.25,1.02189846536042,0,0,0,1,1,1,1,1,1,1,1,1,proved,0,0,0,0,1,337.609
c3540,c3540_trojan12,PASS,PASS,PASS,1074.49,953.358,997.412,0.9558316924199828,0,0,0,1,1,1,1,1,1,1,1,1,skipped,0,0,0,0,0,0
c3540,c3540_trojan13,PASS,PASS,PASS,898.147,821.68,851.987,0.9644278609884892,0,0,0,1,1,1,1,1,1,1,1,1,skipped,0,0,0,0,0,0
c3540,c3540_trojan14,PASS,PASS,PASS,1910.11,2015.81,2239.46,0.9001321747206915,0,0,0,1,1,1,1,1,1,1,1,1,proved,0,0,0,0,1,332.9133
c3540,c3540_trojan15,PASS,PASS,PASS,1844.2,1952.52,2277.58,0.8572783392899481,0,0,0,1,1,1,1,1,1,1,1,1,proved,0,0,0,0,1,301.0577
c3540,c3540_trojan16,PASS,PASS,PASS,749.66,770.37,741.766,1.038562026299399,0,0,0,1,1,1,1,1,1,1,1,1,skipped,0,0,0,0,0,0
c3540,c3540_trojan17,PASS,PASS,PASS,4998.36,5373.82,5498.56,0.9773140604085432,0,0,0,1,1,1,1,1,1,1,1,1,skipped,0,0,0,0,0,0
c3540,c3540_trojan18,PASS,PASS,PASS,4147.7,4397.84,4471.85,0.9834498026543824,0,0,0,1,1,1,1,1,1,1,1,1,proved,0,0,0,0,1,300.0028
c3540,c3540_trojan19,PASS,PASS,PASS,710.95,749.631,621.195,1.2067563325525799,0,0,0,1,1,1,1,1,1,1,1,1,skipped,0,0,0,0,0,0
c3540,c3540_trojan2,PASS,PASS,PASS,7618.0,6641.33,6513.93,1.0195580855182662,0,0,0,1,1,1,1,1,1,1,1,1,proved,0,0,0,0,1,298.1282
c3540,c3540_trojan20,PASS,PASS,PASS,2218.84,2128.9,2227.72,0.9556407447973714,0,0,0,1,1,1,1,1,1,1,1,1,proved,0,0,0,0,1,287.1383
c3540,c3540_trojan21,PASS,PASS,PASS,3590.38,2258.14,2785.21,0.8107611275271882,0,0,0,1,1,1,1,1,1,1,1,1,proved,0,0,0,0,1,306.4866
c3540,c3540_trojan22,PASS,PASS,PASS,8435.32,2018.8,2079.97,0.9705909219844517,0,0,0,1,1,1,1,1,1,1,1,1,proved,0,0,0,0,1,263.2636
c3540,c3540_trojan23,PASS,PASS,PASS,3537.44,2011.9,2189.49,0.918889787119375,0,0,0,1,1,1,1,1,1,1,1,1,proved,0,0,0,0,1,240.3145
c3540,c3540_trojan24,PASS,PASS,PASS,3575.6,3137.19,3569.18,0.8789665973697041,0,0,0,1,1,1,1,1,1,1,1,1,proved,0,0,0,0,1,153.8035
c3540,c3540_trojan25,PASS,PASS,PASS,505.76,444.34,603.049,0.7368223809342193,0,0,0,1,1,1,1,1,1,1,1,1,proved,0,0,0,0,1,155.8144
c3540,c3540_trojan26,PASS,PASS,PASS,748.309,1048.45,838.93,1.249746701155043,0,0,0,1,1,1,1,1,1,1,1,1,skipped,0,0,0,0,0,0
c3540,c3540_trojan27,PASS,PASS,PASS,1209.54,1290.06,1544.37,0.8353309116338702,0,0,0,1,1,1,1,1,1,1,1,1,proved,0,0,0,0,1,266.3589
c3540,c3540_trojan28,PASS,PASS,PASS,2094.18,2369.9,1919.91,1.234380778265648,0,0,0,1,1,1,1,1,1,1,1,1,skipped,0,0,0,0,0,0
c3540,c3540_trojan29,PASS,PASS,PASS,640.05,664.886,729.021,0.912025853850575,0,0,0,1,1,1,1,1,1,1,1,1,proved,0,0,0,0,1,144.8983
c3540,c3540_trojan3,PASS,PASS,PASS,2021.96,1821.07,2017.23,0.90275774205222,0,0,0,1,1,1,1,1,1,1,1,1,proved,0,0,0,0,1,218.8624
c3540,c3540_trojan30,PASS,PASS,PASS,1743.96,1707.23,1739.08,0.9816857188858478,0,0,0,1,1,1,1,1,1,1,1,1,proved,0,0,0,0,1,152.5551
c3540,c3540_trojan31,PASS,PASS,PASS,2893.01,2748.8,2626.78,1.046452310433306,0,0,0,1,1,1,1,1,1,1,1,1,skipped,0,0,0,0,0,0
c3540,c3540_trojan32,PASS,PASS,PASS,1813.49,1850.28,2011.93,0.91965426232523,0,0,0,1,1,1,1,1,1,1,1,1,proved,0,0,0,0,1,278.6849
c3540,c3540_trojan33,PASS,PASS,PASS,867.308,854.823,826.74,1.0339683576456926,0,0,0,1,1,1,1,1,1,1,1,1,skipped,0,0,0,0,0,0
c3540,c3540_trojan34,PASS,PASS,PASS,571.236,449.461,1083.5,0.41482325796031383,0,0,0,1,1,2,1,1,1,1,1,1,skipped,5,0,5,1,0,327.9755
c3540,c3540_trojan35,PASS,PASS,PASS,4708.76,5198.99,4584.76,1.1339721163157939,0,0,0,1,1,1,1,1,1,1,1,1,skipped,0,0,0,0,0,0
c3540,c3540_trojan36,PASS,PASS,PASS,6741.45,6777.92,7159.26,0.946734718392683,0,0,0,1,1,1,1,1,1,1,1,1,proved,0,0,0,0,1,263.6586
c3540,c3540_trojan37,PASS,PASS,PASS,1620.97,1157.46,1271.64,0.9102104369161083,4,3,0,5,4,3,1,1,1,1,1,1,skipped,10,0,10,2,0,525.9686
c3540,c3540_trojan38,PASS,PASS,PASS,669.197,740.159,672.625,1.100403642445642,0,0,0,1,1,1,1,1,1,1,1,1,skipped,0,0,0,0,0,0
c3540,c3540_trojan39,PASS,PASS,PASS,1862.15,2362.66,1796.32,1.3152779014874856,0,0,0,1,1,1,1,1,1,1,1,1,skipped,0,0,0,0,0,0
c3540,c3540_trojan4,PASS,PASS,PASS,2793.26,2234.08,2505.35,0.8917237112579081,0,0,0,1,1,1,1,1,1,1,1,1,proved,0,0,0,0,1,203.4833
c3540,c3540_trojan40,PASS,PASS,PASS,10860.0,7800.17,9436.45,0.8266000455679837,0,0,0,1,1,1,1,1,1,1,1,1,proved,0,0,0,0,1,359.6327
c3540,c3540_trojan41,PASS,PASS,PASS,969.02,589.295,853.983,0.6900547200588302,0,0,0,1,1,1,1,1,1,1,1,1,skipped,0,0,0,0,0,0
c3540,c3540_trojan42,PASS,PASS,PASS,5087.49,4418.13,5804.71,0.7611284629206283,0,0,0,1,1,1,1,1,1,1,1,1,proved,0,0,0,0,1,221.4593
c3540,c3540_trojan43,PASS,PASS,PASS,2750.24,2233.04,2143.06,1.0419866919264977,0,0,0,1,1,1,1,1,1,1,1,1,skipped,0,0,0,0,0,0
c3540,c3540_trojan44,PASS,PASS,PASS,497.839,452.21,1026.45,0.4405572604608115,0,0,0,1,1,2,1,1,1,1,1,1,skipped,5,0,5,1,0,246.3234
c3540,c3540_trojan45,PASS,PASS,PASS,5068.87,2554.08,3893.36,0.6560092054164012,0,0,0,1,1,1,1,1,1,1,1,1,skipped,0,0,0,0,0,0
c3540,c3540_trojan46,PASS,PASS,PASS,1712.85,1728.4,1932.78,0.8942559422179452,0,0,0,1,1,1,1,1,1,1,1,1,proved,0,0,0,0,1,236.9835
c3540,c3540_trojan47,PASS,PASS,PASS,3233.03,2885.87,2861.86,1.0083896486900128,0,0,0,1,1,1,1,1,1,1,1,1,skipped,0,0,0,0,0,0
c3540,c3540_trojan48,PASS,PASS,PASS,2814.3,931.408,1611.01,0.578151594341438,0,0,0,1,1,1,1,1,1,1,1,1,skipped,0,0,0,0,0,0
c3540,c3540_trojan49,PASS,PASS,PASS,997.199,991.411,1766.89,0.5611051055809926,0,0,0,1,1,1,1,1,1,1,1,1,proved,0,0,0,0,1,264.776
c3540,c3540_trojan5,PASS,PASS,PASS,6102.17,6154.69,6324.52,0.9731473692865228,0,0,0,1,1,1,1,1,1,1,1,1,proved,0,0,0,0,1,155.2572
c3540,c3540_trojan50,PASS,PASS,PASS,3703.28,3650.34,3695.92,0.9876674819801294,0,0,0,1,1,1,1,1,1,1,1,1,skipped,0,0,0,0,0,0
c3540,c3540_trojan51,PASS,PASS,PASS,3225.79,3044.86,4236.03,0.7188003862106738,0,0,0,1,1,1,1,1,1,1,1,1,proved,0,0,0,0,1,1113.3475
c3540,c3540_trojan52,PASS,PASS,PASS,12616.3,9870.34,17665.2,0.5587448769331793,0,0,0,1,1,1,1,1,1,1,1,1,proved,0,0,0,0,1,1068.7899
c3540,c3540_trojan53,PASS,PASS,PASS,2529.87,2446.87,3590.54,0.6814768809148485,0,0,0,1,1,1,1,1,1,1,1,1,proved,0,0,0,0,1,1044.5439
c3540,c3540_trojan54,PASS,PASS,PASS,4841.08,4579.15,7260.71,0.6306752369947292,0,0,0,1,1,1,1,1,1,1,1,1,proved,0,0,0,0,1,676.9008
c3540,c3540_trojan55,PASS,PASS,PASS,7701.04,7002.0,12330.1,0.5678786060129277,0,0,0,1,1,1,1,1,1,1,1,1,proved,0,0,0,0,1,781.4396
c3540,c3540_trojan56,PASS,PASS,PASS,627.845,609.919,2158.57,0.28255697058700896,0,0,0,1,1,1,1,1,1,1,1,1,proved,0,0,0,0,1,1293.8353
c3540,c3540_trojan57,PASS,PASS,PASS,1221.11,1297.0,2131.36,0.608531641768636,0,0,0,1,1,1,1,1,1,1,1,1,proved,0,0,0,0,1,943.5337
c3540,c3540_trojan58,PASS,PASS,PASS,1917.91,1936.11,2918.15,0.6634717200966365,0,0,0,1,1,1,1,1,1,1,1,1,proved,0,0,0,0,1,1165.0864
c3540,c3540_trojan59,PASS,PASS,PASS,2640.94,2065.93,3230.96,0.6394167677718077,0,0,0,1,1,1,1,1,1,1,1,1,proved,0,0,0,0,1,1284.0629
c3540,c3540_trojan6,PASS,PASS,PASS,542.608,547.526,683.108,0.8015218676988118,0,0,0,1,1,1,1,1,1,1,1,1,skipped,0,0,0,0,0,0
c3540,c3540_trojan60,PASS,PASS,PASS,3842.37,3186.08,4316.13,0.7381798045934668,0,0,0,1,1,1,1,1,1,1,1,1,proved,0,0,0,0,1,729.8285
c3540,c3540_trojan61,PASS,PASS,PASS,12277.1,11349.6,13831.7,0.8205498962528106,0,0,0,1,1,1,1,1,1,1,1,1,proved,0,0,0,0,1,1185.0054
c3540,c3540_trojan62,PASS,PASS,PASS,938.161,784.847,1829.53,0.4289883194044372,0,0,0,1,1,1,1,1,1,1,1,1,proved,0,0,0,0,1,909.5987
c3540,c3540_trojan63,PASS,PASS,PASS,1756.07,1700.24,2729.38,0.6229400083535455,0,0,0,1,1,1,1,1,1,1,1,1,proved,0,0,0,0,1,905.0202
c3540,c3540_trojan64,PASS,PASS,PASS,1901.65,2193.52,3234.23,0.6782201636865652,0,0,0,1,1,1,1,1,1,1,1,1,proved,0,0,0,0,1,1167.325
c3540,c3540_trojan65,PASS,PASS,PASS,4377.6,4111.56,5336.54,0.7704542643735455,0,0,0,1,1,1,1,1,1,1,1,1,proved,0,0,0,0,1,1151.2697
c3540,c3540_trojan66,PASS,PASS,PASS,7136.17,7244.19,7337.75,0.9872494974617559,0,0,0,1,1,1,1,1,1,1,1,1,skipped,0,0,0,0,0,0
c3540,c3540_trojan67,PASS,PASS,PASS,6888.12,6383.36,10934.0,0.5838083043716846,0,0,0,1,1,1,1,1,1,1,1,1,proved,0,0,0,0,1,660.7506
c3540,c3540_trojan68,PASS,PASS,PASS,6789.43,7185.89,15595.3,0.4607727969324092,0,0,0,1,1,1,1,1,1,1,1,1,proved,0,0,0,0,1,648.3592
c3540,c3540_trojan69,PASS,PASS,PASS,1027.38,988.678,1268.42,0.7794563314990303,0,0,0,1,1,1,1,1,1,1,1,1,skipped,0,0,0,0,0,0
c3540,c3540_trojan7,PASS,PASS,PASS,1198.78,1236.78,1536.23,0.8050747609407445,0,0,0,1,1,1,1,1,1,1,1,1,proved,0,0,0,0,1,349.4338
c3540,c3540_trojan70,PASS,PASS,PASS,2647.8,2727.73,2840.08,0.9604412551759106,0,0,0,1,1,1,1,1,1,1,1,1,skipped,0,0,0,0,0,0
c3540,c3540_trojan71,PASS,PASS,PASS,1647.28,1613.17,2605.27,0.6191949394880377,0,0,0,1,1,1,1,1,1,1,1,1,proved,0,0,0,0,1,961.715
c3540,c3540_trojan72,PASS,PASS,PASS,2028.44,2013.03,2713.89,0.7417507710334612,0,0,0,1,1,1,1,1,1,1,1,1,proved,0,0,0,0,1,847.2039
c3540,c3540_trojan73,PASS,PASS,PASS,2152.18,2034.35,2770.05,0.7344091261890578,0,0,0,1,1,1,1,1,1,1,1,1,proved,0,0,0,0,1,804.9716
c3540,c3540_trojan74,PASS,PASS,PASS,3448.64,4785.38,4416.84,1.0834397442515464,0,0,0,1,1,1,1,1,1,1,1,1,proved,0,0,0,0,1,1100.0314
c3540,c3540_trojan75,PASS,PASS,PASS,507.749,491.125,1385.06,0.3545875268941418,0,0,0,1,1,1,1,1,1,1,1,1,proved,0,0,0,0,1,819.1188
c3540,c3540_trojan76,PASS,PASS,PASS,848.272,707.26,1842.97,0.3837609944817333,0,0,0,1,1,1,1,1,1,1,1,1,proved,0,0,0,0,1,1002.3458
c3540,c3540_trojan77,PASS,PASS,PASS,1369.9,1525.33,2588.84,0.5891943882202066,0,0,0,1,1,1,1,1,1,1,1,1,proved,0,0,0,0,1,1133.2255
c3540,c3540_trojan78,PASS,PASS,PASS,741.692,715.687,847.609,0.8443598404452997,0,0,0,1,1,1,1,1,1,1,1,1,skipped,0,0,0,0,0,0
c3540,c3540_trojan79,PASS,PASS,PASS,1697.36,1736.22,2969.21,0.5847413958595047,0,0,0,1,1,1,1,1,1,1,1,1,proved,0,0,0,0,1,1326.0008
c3540,c3540_trojan8,PASS,PASS,PASS,1689.68,2539.89,3359.82,0.7559601407218243,0,0,0,1,1,1,1,1,1,1,1,1,proved,0,0,0,0,1,308.7631
c3540,c3540_trojan80,PASS,PASS,PASS,1990.03,2023.33,2671.58,0.7573533264959312,0,0,0,1,1,1,1,1,1,1,1,1,proved,0,0,0,0,1,799.5328
c3540,c3540_trojan81,PASS,PASS,PASS,7666.08,17047.9,7253.62,2.350260973141687,0,0,0,1,1,1,1,1,1,1,1,1,skipped,0,0,0,0,0,0
c3540,c3540_trojan82,PASS,PASS,PASS,2401.28,2220.89,3326.39,0.667657731053785,0,0,0,1,1,1,1,1,1,1,1,1,proved,0,0,0,0,1,972.297
c3540,c3540_trojan83,PASS,PASS,PASS,974.777,1105.78,910.151,1.214941257000212,0,0,0,1,1,1,1,1,1,1,1,1,skipped,0,0,0,0,0,0
c3540,c3540_trojan84,PASS,PASS,PASS,3256.39,2190.99,1973.85,1.110008359297819,0,0,0,1,1,1,1,1,1,1,1,1,skipped,0,0,0,0,0,0
c3540,c3540_trojan85,PASS,PASS,PASS,559.889,652.267,544.988,1.196846536070519,0,0,0,1,1,1,1,1,1,1,1,1,skipped,0,0,0,0,0,0
c3540,c3540_trojan86,PASS,PASS,PASS,10820.2,10518.7,21703.5,0.48465454880549225,0,0,0,1,1,1,1,1,1,1,1,1,proved,0,0,0,0,1,1323.3834
c3540,c3540_trojan87,PASS,PASS,PASS,509.601,514.929,1515.94,0.3396763724157948,0,0,0,1,1,2,1,1,1,1,1,1,skipped,5,0,5,1,0,792.6534
c3540,c3540_trojan88,PASS,PASS,PASS,1802.33,1585.26,1873.9,0.84596830140349,0,0,0,1,1,1,1,1,1,1,1,1,skipped,0,0,0,0,0,0
c3540,c3540_trojan89,PASS,PASS,PASS,2092.09,2157.14,3265.51,0.6605828798564389,0,0,0,1,1,1,1,1,1,1,1,1,proved,0,0,0,0,1,1251.0612
c3540,c3540_trojan9,PASS,PASS,PASS,1964.33,1936.22,1978.67,0.9785461951715041,0,0,0,1,1,1,1,1,1,1,1,1,proved,0,0,0,0,1,150.4044
c3540,c3540_trojan90,PASS,PASS,PASS,12768.0,10965.4,17055.1,0.6429396485508734,0,0,0,1,1,1,1,1,1,1,1,1,proved,0,0,0,0,1,624.6241
c3540,c3540_trojan91,PASS,PASS,PASS,777.486,687.034,742.747,0.9249906091845541,0,0,0,1,1,1,1,1,1,1,1,1,skipped,0,0,0,0,0,0
c3540,c3540_trojan92,PASS,PASS,PASS,4473.9,4205.78,6842.61,0.6146455811452063,0,0,0,1,1,1,1,1,1,1,1,1,proved,0,0,0,0,1,717.144
c3540,c3540_trojan93,PASS,PASS,PASS,2391.71,2261.99,3413.08,0.6627415706634476,0,0,0,1,1,1,1,1,1,1,1,1,proved,0,0,0,0,1,1137.2791
c3540,c3540_trojan94,PASS,PASS,PASS,917.288,663.809,3050.46,0.217609475292251,0,0,0,1,1,2,1,1,1,1,1,1,proved,5,0,5,1,1,1935.5781000000002
c3540,c3540_trojan95,PASS,PASS,PASS,4077.63,3765.23,4739.34,0.7944629420974229,0,0,0,1,1,1,1,1,1,1,1,1,proved,0,0,0,0,1,1037.3115
c3540,c3540_trojan96,PASS,PASS,PASS,1223.04,2273.38,2336.31,0.9730643621779644,0,0,0,1,1,1,1,1,1,1,1,1,proved,0,0,0,0,1,1063.1676
c3540,c3540_trojan97,PASS,PASS,PASS,4817.37,4236.87,3874.22,1.0936059387437989,0,0,0,1,1,1,1,1,1,1,1,1,skipped,0,0,0,0,0,0
c3540,c3540_trojan98,PASS,PASS,PASS,1556.95,1614.5,2413.6,0.6689177991382168,0,0,0,1,1,1,1,1,1,1,1,1,proved,0,0,0,0,1,763.798
c3540,c3540_trojan99,PASS,PASS,PASS,1927.32,2855.59,3165.13,0.9022030690682531,0,0,0,1,1,1,1,1,1,1,1,1,proved,0,0,0,0,1,1244.2846
c5315,c5315_trojan0,PASS,PASS,PASS,48765.2,16031.0,17964.9,0.8923511959432002,0,0,0,1,1,1,1,1,1,1,1,1,skipped,0,0,0,0,0,0
c5315,c5315_trojan1,PASS,PASS,PASS,27763.5,24643.1,25241.6,0.9762891417342799,0,0,0,1,1,1,1,1,1,1,1,1,skipped,0,0,0,0,0,0
c5315,c5315_trojan10,PASS,PASS,PASS,25285.0,22472.5,29528.8,0.7610366828316762,0,0,0,1,1,1,1,1,1,1,1,1,skipped,0,0,0,0,0,0
c5315,c5315_trojan11,PASS,PASS,PASS,29037.2,8297.14,7987.8,1.0387265580009513,0,0,0,1,1,1,1,1,1,1,1,1,skipped,0,0,0,0,0,0
c5315,c5315_trojan12,PASS,PASS,PASS,29334.8,13413.6,15175.2,0.8839158627233907,0,0,0,1,1,1,1,1,1,1,1,1,skipped,0,0,0,0,0,0
c5315,c5315_trojan13,PASS,PASS,PASS,7101.84,7844.15,6514.35,1.2041339504325066,0,0,0,1,1,1,1,1,1,1,1,1,skipped,0,0,0,0,0,0
c5315,c5315_trojan14,PASS,PASS,PASS,24416.6,24572.6,29033.0,0.8463679261529983,0,0,0,1,1,1,1,1,1,1,1,1,skipped,0,0,0,0,0,0
c5315,c5315_trojan15,PASS,PASS,PASS,4759.11,5081.29,6044.38,0.8406635585452933,0,0,0,1,1,1,1,1,1,1,1,1,skipped,0,0,0,0,0,0
c5315,c5315_trojan16,PASS,PASS,PASS,196173.0,107776.0,99586.4,1.0822361286280056,0,0,0,2,2,2,1,1,1,1,1,1,skipped,0,0,0,0,0,0
c5315,c5315_trojan17,PASS,PASS,PASS,811.901,694.143,635.04,1.0930697278911565,0,0,0,1,1,1,1,1,1,1,1,1,skipped,0,0,0,0,0,0
c5315,c5315_trojan18,PASS,PASS,PASS,127893.0,88683.1,89346.5,0.9925749749570493,0,0,0,2,2,2,1,1,1,1,1,1,skipped,0,0,0,0,0,0
c5315,c5315_trojan19,PASS,PASS,PASS,9717.49,8232.78,8731.94,0.9428351546162709,0,0,0,1,1,1,1,1,1,1,1,1,skipped,0,0,0,0,0,0
c5315,c5315_trojan2,PASS,PASS,PASS,44682.0,152806.0,145238.0,1.0521075751525082,0,0,0,1,2,2,1,1,1,1,1,1,skipped,0,0,0,0,0,0
c5315,c5315_trojan20,PASS,PASS,PASS,264624.0,36702.2,38328.5,0.9575694326675972,0,0,0,2,1,1,1,1,1,1,1,1,skipped,0,0,0,0,0,0
c5315,c5315_trojan21,TIMEOUT,PASS,PASS,,195424.0,200046.0,0.9768953140777621,,0,0,,2,2,1,1,1,1,1,1,skipped,0,0,0,0,0,0
c5315,c5315_trojan22,PASS,PASS,PASS,12790.4,10881.2,13054.4,0.8335273930628754,0,0,0,1,1,1,1,1,1,1,1,1,skipped,0,0,0,0,0,0
c5315,c5315_trojan23,PASS,PASS,PASS,225319.0,151627.0,152917.0,0.9915640510865371,0,0,0,2,2,2,1,1,1,1,1,1,skipped,0,0,0,0,0,0
c5315,c5315_trojan24,PASS,NO_PATCH,TIMEOUT,57441.8,204134.0,,,0,0,,1,2,2,119,713,11,119,713,11,counterexamples,5,3,2,1,0,229.4656
c5315,c5315_trojan25,PASS,PASS,PASS,5907.93,6892.86,9489.0,0.7264053114132153,0,0,0,1,1,1,1,1,1,1,1,1,skipped,0,0,0,0,0,0
c5315,c5315_trojan26,PASS,PASS,PASS,670.512,573.65,569.455,1.0073666927149643,0,0,0,1,1,1,1,1,1,1,1,1,skipped,0,0,0,0,0,0
c5315,c5315_trojan27,PASS,PASS,PASS,16900.1,13738.3,26496.5,0.5184948955522427,0,0,0,1,1,1,1,1,1,1,1,1,skipped,0,0,0,0,0,0
c5315,c5315_trojan28,PASS,PASS,PASS,1045.93,561.963,481.385,1.1673878496421783,1,0,0,2,1,1,1,1,1,1,1,1,skipped,0,0,0,0,0,0
c5315,c5315_trojan29,PASS,PASS,PASS,15185.8,24791.4,26510.4,0.9351575230852798,0,0,0,1,1,1,1,1,1,1,1,1,skipped,0,0,0,0,0,0
c5315,c5315_trojan3,PASS,PASS,PASS,3737.73,3509.14,4191.75,0.8371539333214051,0,0,0,1,1,1,1,1,1,1,1,1,skipped,0,0,0,0,0,0
c5315,c5315_trojan30,PASS,PASS,PASS,7318.69,8742.43,9463.52,0.9238031937376368,0,0,0,1,1,1,1,1,1,1,1,1,skipped,0,0,0,0,0,0
c5315,c5315_trojan31,TIMEOUT,PASS,PASS,,275334.0,280433.0,0.9818174038005513,,0,0,,2,2,1,1,1,1,1,1,skipped,0,0,0,0,0,0
c5315,c5315_trojan32,PASS,PASS,PASS,5883.44,6820.2,6101.94,1.11771010531077,0,0,0,1,1,1,1,1,1,1,1,1,skipped,0,0,0,0,0,0
c5315,c5315_trojan33,PASS,PASS,PASS,11214.5,9684.45,9974.21,0.9709490776713144,0,0,0,1,1,1,1,1,1,1,1,1,skipped,0,0,0,0,0,0
c5315,c5315_trojan34,PASS,PASS,PASS,1642.22,633.324,606.257,1.0446460824369863,1,0,0,2,1,1,1,1,1,1,1,1,skipped,0,0,0,0,0,0
c5315,c5315_trojan35,PASS,PASS,PASS,9406.89,7816.3,7660.43,1.0203474217504762,0,0,0,1,1,1,1,1,1,1,1,1,skipped,0,0,0,0,0,0
c5315,c5315_trojan36,PASS,PASS,PASS,5850.32,6012.43,6077.89,0.9892298149522285,0,0,0,1,1,1,1,1,1,1,1,1,skipped,0,0,0,0,0,0
c5315,c5315_trojan37,PASS,PASS,PASS,162656.0,135139.0,138669.0,0.9745436975820119,0,0,0,2,2,2,1,1,1,1,1,1,skipped,0,0,0,0,0,0
c5315,c5315_trojan38,TIMEOUT,PASS,PASS,,248068.0,248199.0,0.9994721977123195,,0,0,,2,2,1,1,1,1,1,1,skipped,0,0,0,0,0,0
c5315,c5315_trojan39,PASS,PASS,PASS,10196.6,7127.57,8286.87,0.8601039958392009,0,0,0,1,1,1,1,1,1,1,1,1,skipped,0,0,0,0,0,0
c5315,c5315_trojan4,PASS,PASS,PASS,16452.1,12010.5,13572.0,0.8849469496021221,0,0,0,1,1,1,1,1,1,1,1,1,skipped,0,0,0,0,0,0
c5315,c5315_trojan40,PASS,PASS,PASS,138188.0,82215.1,83175.7,0.9884509538242541,0,0,0,2,2,2,1,1,1,1,1,1,skipped,0,0,0,0,0,0
c5315,c5315_trojan41,PASS,PASS,PASS,11295.5,9591.06,10467.1,0.9163053758920808,0,0,0,1,1,1,1,1,1,1,1,1,skipped,0,0,0,0,0,0
c5315,c5315_trojan42,PASS,PASS,PASS,555.546,557.123,523.051,1.0651408753639702,0,0,0,1,1,1,1,1,1,1,1,1,skipped,0,0,0,0,0,0
c5315,c5315_trojan43,PASS,PASS,PASS,283064.0,155831.0,154124.0,1.011075497651242,0,0,0,2,2,2,1,1,1,1,1,1,skipped,0,0,0,0,0,0
c5315,c5315_trojan44,PASS,PASS,PASS,11641.3,10366.2,10999.8,0.9423989527082312,0,0,0,1,1,1,1,1,1,1,1,1,skipped,0,0,0,0,0,0
c5315,c5315_trojan45,PASS,PASS,PASS,773.71,767.156,689.31,1.1129332230781506,0,0,0,1,1,1,1,1,1,1,1,1,skipped,0,0,0,0,0,0
c5315,c5315_trojan46,PASS,PASS,PASS,3506.27,3305.63,3362.82,0.9829934400294991,0,0,0,1,1,1,1,1,1,1,1,1,skipped,0,0,0,0,0,0
c5315,c5315_trojan47,PASS,PASS,PASS,7166.59,6575.93,6597.05,0.9967985690573817,0,0,0,1,1,1,1,1,1,1,1,1,skipped,0,0,0,0,0,0
c5315,c5315_trojan48,TIMEOUT,PASS,PASS,,246926.0,257550.0,0.9587497573286741,,0,0,,2,2,1,1,1,1,1,1,skipped,0,0,0,0,0,0
c5315,c5315_trojan49,PASS,PASS,PASS,23763.6,22988.3,22702.3,1.0125978425093494,0,0,0,2,2,2,1,1,1,1,1,1,skipped,0,0,0,0,0,0
c5315,c5315_trojan5,PASS,PASS,PASS,8746.4,8520.19,9106.72,0.9355937154101588,0,0,0,1,1,1,1,1,1,1,1,1,skipped,0,0,0,0,0,0
c5315,c5315_trojan50,PASS,PASS,PASS,35678.0,12849.3,14481.9,0.8872661736374371,0,0,0,1,1,1,1,1,1,1,1,1,skipped,0,0,0,0,0,0
c5315,c5315_trojan51,PASS,PASS,PASS,30940.9,33122.2,34680.0,0.955080738177624,0,0,0,1,1,1,1,1,1,1,1,1,skipped,0,0,0,0,0,0
c5315,c5315_trojan52,PASS,PASS,PASS,201188.0,162060.0,157896.0,1.0263717890256878,0,0,0,2,2,2,1,1,1,1,1,1,skipped,0,0,0,0,0,0
c5315,c5315_trojan53,PASS,PASS,PASS,6360.39,4433.62,6133.34,0.7228720403564778,0,0,0,1,1,1,1,1,1,1,1,1,skipped,0,0,0,0,0,0
c5315,c5315_trojan54,PASS,PASS,PASS,13090.2,11399.7,12956.7,0.8798305123989905,0,0,0,1,1,1,1,1,1,1,1,1,skipped,0,0,0,0,0,0
c5315,c5315_trojan55,CEC_FAIL,CEC_FAIL,PASS,59953.5,61470.1,31132.2,1.974486223267228,5,5,1,5,5,3,2,8,4,1,1,1,skipped,5,3,2,1,0,701.0557
c5315,c5315_trojan56,PASS,PASS,PASS,9018.83,8673.41,9031.65,0.9603350439842111,0,0,0,1,1,1,1,1,1,1,1,1,skipped,0,0,0,0,0,0
c5315,c5315_trojan57,PASS,PASS,PASS,8014.44,7448.29,8248.63,0.9029729785431037,0,0,0,1,1,1,1,1,1,1,1,1,skipped,0,0,0,0,0,0
c5315,c5315_trojan58,PASS,PASS,PASS,9219.53,9648.64,10266.9,0.9397812387380806,0,0,0,1,1,1,1,1,1,1,1,1,skipped,0,0,0,0,0,0
c5315,c5315_trojan59,PASS,PASS,PASS,617.29,630.957,610.75,1.0330855505525993,0,0,0,1,1,1,1,1,1,1,1,1,skipped,0,0,0,0,0,0
c5315,c5315_trojan6,PASS,PASS,PASS,8582.71,8502.94,11038.7,0.7702845443756964,0,0,0,1,1,1,1,1,1,1,1,1,skipped,0,0,0,0,0,0
c5315,c5315_trojan60,PASS,PASS,PASS,22481.4,20307.5,22707.6,0.8943041096373021,0,0,0,1,1,1,1,1,1,1,1,1,skipped,0,0,0,0,0,0
c5315,c5315_trojan61,PASS,PASS,PASS,8827.75,8688.23,11061.5,0.7854477240880531,0,0,0,1,1,1,1,1,1,1,1,1,skipped,0,0,0,0,0,0
c5315,c5315_trojan62,PASS,PASS,PASS,12043.9,11483.2,13828.1,0.8304250041581996,0,0,0,1,1,1,1,1,1,1,1,1,skipped,0,0,0,0,0,0
c5315,c5315_trojan63,PASS,PASS,PASS,6454.24,6829.11,7183.74,0.9506343492386974,0,0,0,1,1,1,1,1,1,1,1,1,skipped,0,0,0,0,0,0
c5315,c5315_trojan64,PASS,PASS,PASS,18393.5,19020.3,20934.6,0.9085580808804563,0,0,0,1,1,1,1,1,1,1,1,1,skipped,0,0,0,0,0,0
c5315,c5315_trojan65,PASS,PASS,PASS,5247.23,5494.75,5767.58,0.9526959313958367,0,0,0,1,1,1,1,1,1,1,1,1,skipped,0,0,0,0,0,0
c5315,c5315_trojan66,PASS,PASS,PASS,163800.0,112631.0,115196.0,0.9777336018611757,0,0,0,2,2,2,1,1,1,1,1,1,skipped,0,0,0,0,0,0
c5315,c5315_trojan67,PASS,PASS,PASS,926.619,744.422,888.474,0.8378658238732929,0,0,0,1,1,1,1,1,1,1,1,1,skipped,0,0,0,0,0,0
c5315,c5315_trojan68,PASS,PASS,PASS,119137.0,30101.5,30718.4,0.9799175738319704,0,0,0,2,1,1,1,1,1,1,1,1,skipped,0,0,0,0,0,0
c5315,c5315_trojan69,PASS,PASS,PASS,9390.0,7761.09,7761.17,0.999989692275778,0,0,0,1,1,1,1,1,1,1,1,1,skipped,0,0,0,0,0,0
c5315,c5315_trojan7,PASS,PASS,PASS,7121.25,6691.39,7870.0,0.8502401524777637,0,0,0,1,1,1,1,1,1,1,1,1,skipped,0,0,0,0,0,0
c5315,c5315_trojan70,PASS,PASS,PASS,277489.0,183218.0,196233.0,0.9336757833799616,0,0,0,2,2,2,1,1,1,1,1,1,skipped,0,0,0,0,0,0
c5315,c5315_trojan71,TIMEOUT,PASS,PASS,,203875.0,212668.0,0.9586538642390957,,0,0,,2,2,1,1,1,1,1,1,skipped,0,0,0,0,0,0
c5315,c5315_trojan72,PASS,PASS,PASS,10049.1,10139.4,15245.8,0.665061853100526,0,0,0,1,1,1,1,1,1,1,1,1,skipped,0,0,0,0,0,0
c5315,c5315_trojan73,PASS,PASS,PASS,274018.0,160545.0,157496.0,1.0193592218215066,0,0,0,2,2,2,1,1,1,1,1,1,skipped,0,0,0,0,0,0
c5315,c5315_trojan74,PASS,PASS,PASS,282705.0,164697.0,164073.0,1.003803185167578,0,0,0,2,2,2,1,1,1,1,1,1,skipped,0,0,0,0,0,0
c5315,c5315_trojan75,PASS,PASS,PASS,7763.14,6801.88,8325.24,0.8170190889391777,0,0,0,1,1,1,1,1,1,1,1,1,skipped,0,0,0,0,0,0
c5315,c5315_trojan76,PASS,PASS,PASS,648.749,686.735,640.036,1.072963083326563,0,0,0,1,1,1,1,1,1,1,1,1,skipped,0,0,0,0,0,0
c5315,c5315_trojan77,PASS,PASS,PASS,13524.4,14938.8,14503.1,1.030041853121057,0,0,0,1,1,1,1,1,1,1,1,1,skipped,0,0,0,0,0,0
c5315,c5315_trojan78,CEC_FAIL,CEC_FAIL,PASS,86206.7,88789.3,42916.8,2.0688704656451553,5,5,1,5,5,3,4,15,4,1,1,1,skipped,5,3,2,1,0,562.2892
c5315,c5315_trojan79,PASS,PASS,PASS,10907.3,16751.1,17324.2,0.9669191073758094,0,0,0,1,1,1,1,1,1,1,1,1,skipped,0,0,0,0,0,0
c5315,c5315_trojan8,PASS,PASS,PASS,13049.5,9673.73,10872.9,0.8897101969115875,0,0,0,1,1,1,1,1,1,1,1,1,skipped,0,0,0,0,0,0
c5315,c5315_trojan80,PASS,PASS,PASS,8589.21,12294.4,12177.0,1.0096411267142975,0,0,0,1,1,1,1,1,1,1,1,1,skipped,0,0,0,0,0,0
c5315,c5315_trojan81,TIMEOUT,TIMEOUT,TIMEOUT,,,,,,,,,2,2,1,1,1,1,1,1,skipped,0,0,0,0,0,0
c5315,c5315_trojan82,PASS,PASS,PASS,4998.31,6918.0,9036.06,0.7655991660081939,0,0,0,1,1,1,1,1,1,1,1,1,skipped,0,0,0,0,0,0
c5315,c5315_trojan83,PASS,PASS,PASS,697.564,641.652,685.968,0.9353964033307677,0,0,0,1,1,1,1,1,1,1,1,1,skipped,0,0,0,0,0,0
c5315,c5315_trojan84,PASS,PASS,PASS,646.385,689.168,717.631,0.9603375550944706,0,0,0,1,1,1,1,1,1,1,1,1,skipped,0,0,0,0,0,0
c5315,c5315_trojan85,PASS,PASS,PASS,8976.65,10857.7,11247.4,0.9653519924604799,0,0,0,1,1,1,1,1,1,1,1,1,skipped,0,0,0,0,0,0
c5315,c5315_trojan86,PASS,PASS,PASS,3537.47,4504.44,3518.22,1.2803178880229207,0,0,0,1,1,1,1,1,1,1,1,1,skipped,0,0,0,0,0,0
c5315,c5315_trojan87,PASS,PASS,PASS,185923.0,138368.0,137605.0,1.005544856654918,0,0,0,2,2,2,1,1,1,1,1,1,skipped,0,0,0,0,0,0
c5315,c5315_trojan88,TIMEOUT,PASS,PASS,,281570.0,288823.0,0.9748877340101031,,0,0,,2,2,1,1,1,1,1,1,skipped,0,0,0,0,0,0
c5315,c5315_trojan89,PASS,PASS,PASS,10450.2,8571.68,10777.3,0.795345773060043,0,0,0,1,1,1,1,1,1,1,1,1,skipped,0,0,0,0,0,0
c5315,c5315_trojan9,PASS,PASS,PASS,474.074,562.553,572.819,0.982078108442632,0,0,0,1,1,1,1,1,1,1,1,1,skipped,0,0,0,0,0,0
c5315,c5315_trojan90,PASS,PASS,PASS,139534.0,93438.7,89829.7,1.0401760219615561,0,0,0,2,2,2,1,1,1,1,1,1,skipped,0,0,0,0,0,0
c5315,c5315_trojan91,PASS,PASS,PASS,10668.7,10337.4,10563.8,0.9785683182188228,0,0,0,1,1,1,1,1,1,1,1,1,skipped,0,0,0,0,0,0
c5315,c5315_trojan92,PASS,PASS,PASS,664.106,561.269,653.397,0.8590014952624514,0,0,0,1,1,1,1,1,1,1,1,1,skipped,0,0,0,0,0,0
c5315,c5315_trojan93,PASS,PASS,PASS,251401.0,146912.0,139491.0,1.053200564910998,0,0,0,2,2,2,1,1,1,1,1,1,skipped,0,0,0,0,0,0
c5315,c5315_trojan94,PASS,PASS,PASS,9395.66,11874.9,13438.2,0.8836674554627851,0,0,0,1,1,1,1,1,1,1,1,1,skipped,0,0,0,0,0,0
c5315,c5315_trojan95,PASS,PASS,PASS,790.983,892.055,786.363,1.1344061203286522,0,0,0,1,1,1,1,1,1,1,1,1,skipped,0,0,0,0,0,0
c5315,c5315_trojan96,PASS,PASS,PASS,3455.93,3720.56,3709.62,1.0029490891250317,0,0,0,1,1,1,1,1,1,1,1,1,skipped,0,0,0,0,0,0
c5315,c5315_trojan97,PASS,PASS,PASS,6903.21,6842.83,7274.53,0.9406559599039388,0,0,0,1,1,1,1,1,1,1,1,1,skipped,0,0,0,0,0,0
c5315,c5315_trojan98,TIMEOUT,PASS,PASS,,200800.0,185976.0,1.0797092097905105,,0,0,,2,2,1,1,1,1,1,1,skipped,0,0,0,0,0,0
c5315,c5315_trojan99,PASS,PASS,PASS,23276.4,11967.9,11514.8,1.0393493590856984,0,0,0,2,1,1,1,1,1,1,1,1,skipped,0,0,0,0,0,0
c6288,c6288_trojan0,PASS,PASS,PASS,5115.86,9977.52,7262.88,1.3737690833388407,0,0,0,1,1,1,1,1,1,1,1,1,skipped,0,0,0,0,0,0
c7552,c7552_trojan0,PASS,PASS,PASS,7256.57,8768.95,7587.48,1.1557130957841077,0,0,0,1,1,1,1,1,1,1,1,1,skipped,0,0,0,0,0,0
c7552,c7552_trojan1,PASS,PASS,PASS,4850.72,5426.28,5374.72,1.0095930578709216,0,0,0,1,1,1,1,1,1,1,1,1,skipped,0,0,0,0,0,0
c7552,c7552_trojan11,PASS,PASS,PASS,2064.93,2091.41,2246.4,0.9310051638176637,0,0,0,1,1,1,1,1,1,1,1,1,skipped,0,0,0,0,0,0
c7552,c7552_trojan12,PASS,PASS,PASS,8534.78,9432.53,9211.52,1.0239927829500453,0,0,0,1,1,1,1,1,1,1,1,1,skipped,0,0,0,0,0,0
c7552,c7552_trojan13,PASS,PASS,PASS,1209.15,1468.77,1263.04,1.162884785913352,0,0,0,1,1,1,1,1,1,1,1,1,skipped,0,0,0,0,0,0
c7552,c7552_trojan15,PASS,PASS,PASS,565.023,606.555,1373.77,0.4415258740546088,0,0,0,1,1,2,1,1,1,1,1,1,skipped,5,0,5,1,0,233.7942
c7552,c7552_trojan16,PASS,PASS,PASS,1132.9,960.4,2285.76,0.4201665966680666,0,0,0,1,1,2,1,1,1,1,1,1,skipped,5,0,5,1,0,231.9763
c7552,c7552_trojan17,PASS,PASS,PASS,1847.06,2537.8,2180.53,1.1638454871063457,0,0,0,1,1,1,1,1,1,1,1,1,skipped,0,0,0,0,0,0
c7552,c7552_trojan18,PASS,CEC_FAIL,PASS,1768.96,2529.01,3669.43,0.6892105858403077,3,5,0,4,5,5,1,2,2,1,1,1,skipped,20,3,17,4,0,1108.5471
c7552,c7552_trojan19,PASS,PASS,PASS,11863.2,12369.4,13385.1,0.9241171152998483,0,0,0,1,1,1,1,1,1,1,1,1,skipped,0,0,0,0,0,0
c7552,c7552_trojan2,PASS,PASS,PASS,698.089,710.535,675.334,1.052123837982391,0,0,0,1,1,1,1,1,1,1,1,1,skipped,0,0,0,0,0,0
c7552,c7552_trojan20,PASS,PASS,PASS,1336.96,2277.43,4507.83,0.5052164788823004,2,4,0,3,5,6,1,1,1,1,1,1,skipped,25,3,22,5,0,1295.0309
c7552,c7552_trojan21,PASS,PASS,PASS,8356.48,9422.6,9298.4,1.0133571367116925,0,0,0,1,1,1,1,1,1,1,1,1,skipped,0,0,0,0,0,0
c7552,c7552_trojan22,PASS,PASS,PASS,2417.55,2375.62,2296.67,1.0343758572193653,0,0,0,1,1,1,1,1,1,1,1,1,skipped,0,0,0,0,0,0
c7552,c7552_trojan23,PASS,PASS,PASS,5066.23,5308.34,5389.11,0.9850123675337858,0,0,0,1,1,1,1,1,1,1,1,1,skipped,0,0,0,0,0,0
c7552,c7552_trojan25,PASS,PASS,PASS,5376.34,4667.08,4459.16,1.0466276159635448,0,0,0,1,1,1,1,1,1,1,1,1,skipped,0,0,0,0,0,0
c7552,c7552_trojan26,PASS,PASS,PASS,550.269,699.905,656.289,1.0664585266551778,0,0,0,1,1,1,1,1,1,1,1,1,skipped,0,0,0,0,0,0
c7552,c7552_trojan27,PASS,PASS,PASS,822.012,817.92,1894.78,0.4316701675128511,0,0,0,1,1,2,1,1,1,1,1,1,skipped,5,0,5,1,0,228.235
c7552,c7552_trojan28,PASS,PASS,PASS,3807.27,4171.19,3743.55,1.1142338154959863,0,0,0,1,1,1,1,1,1,1,1,1,skipped,0,0,0,0,0,0
c7552,c7552_trojan29,PASS,PASS,PASS,7899.13,8526.33,7224.58,1.1801834847146824,0,0,0,1,1,1,1,1,1,1,1,1,skipped,0,0,0,0,0,0
c7552,c7552_trojan3,PASS,PASS,PASS,11280.3,12881.1,10755.0,1.19768479776848,0,0,0,1,1,1,1,1,1,1,1,1,skipped,0,0,0,0,0,0
c7552,c7552_trojan30,PASS,PASS,PASS,5244.34,6602.86,5372.39,1.2290358667185366,0,0,0,1,1,1,1,1,1,1,1,1,skipped,0,0,0,0,0,0
c7552,c7552_trojan31,PASS,PASS,PASS,3032.37,3139.38,3024.13,1.0381101341542858,0,0,0,1,1,1,1,1,1,1,1,1,skipped,0,0,0,0,0,0
c7552,c7552_trojan32,PASS,PASS,PASS,546.916,569.92,2695.61,0.21142524326590267,0,0,0,1,1,4,1,1,1,1,1,1,skipped,15,3,12,3,0,622.9539
c7552,c7552_trojan33,PASS,PASS,PASS,6175.72,6360.37,6374.97,0.9977097931441246,0,0,0,1,1,1,1,1,1,1,1,1,skipped,0,0,0,0,0,0
c7552,c7552_trojan34,PASS,PASS,PASS,7795.77,8647.27,8115.12,1.0655751239661275,0,0,0,1,1,1,1,1,1,1,1,1,skipped,0,0,0,0,0,0
c7552,c7552_trojan35,PASS,PASS,PASS,9034.79,12013.7,9953.57,1.2069739801900223,0,0,0,1,1,1,1,1,1,1,1,1,skipped,0,0,0,0,0,0
c7552,c7552_trojan36,PASS,PASS,PASS,728.937,808.967,1661.15,0.4869921439966288,0,0,0,1,1,2,1,1,1,1,1,1,skipped,5,0,5,1,0,222.1533
c7552,c7552_trojan37,PASS,PASS,PASS,7857.19,8671.48,8414.71,1.0305144205801509,0,0,0,1,1,1,1,1,1,1,1,1,skipped,0,0,0,0,0,0
c7552,c7552_trojan38,PASS,PASS,PASS,5728.13,5956.81,5879.24,1.0131938822024615,0,0,0,1,1,1,1,1,1,1,1,1,skipped,0,0,0,0,0,0
c7552,c7552_trojan39,PASS,PASS,PASS,644.242,541.076,1364.13,0.3966454810025437,0,0,0,1,1,2,1,1,1,1,1,1,skipped,5,0,5,1,0,225.5796
c7552,c7552_trojan4,PASS,PASS,PASS,9329.0,10418.4,12033.3,0.8657974121811972,0,0,0,1,1,1,1,1,1,1,1,1,skipped,0,0,0,0,0,0
c7552,c7552_trojan40,PASS,PASS,PASS,9924.1,17111.1,11338.4,1.5091282720666055,0,0,0,1,1,1,1,1,1,1,1,1,skipped,0,0,0,0,0,0
c7552,c7552_trojan41,PASS,PASS,PASS,7019.14,8180.53,8669.18,0.9436336539326672,0,0,0,1,1,1,1,1,1,1,1,1,skipped,0,0,0,0,0,0
c7552,c7552_trojan42,PASS,PASS,PASS,1148.23,1217.58,2111.73,0.5765793922518503,1,1,0,2,2,3,1,1,1,1,1,1,skipped,10,0,10,2,0,508.258
c7552,c7552_trojan43,PASS,PASS,PASS,10344.0,10966.7,9651.92,1.1362195293786108,0,0,0,1,1,1,1,1,1,1,1,1,skipped,0,0,0,0,0,0
c7552,c7552_trojan45,PASS,PASS,PASS,6126.18,6612.52,6521.13,1.0140144422822426,0,0,0,1,1,1,1,1,1,1,1,1,skipped,0,0,0,0,0,0
c7552,c7552_trojan46,PASS,PASS,PASS,8898.61,9290.38,9260.08,1.0032721099601731,0,0,0,1,1,1,1,1,1,1,1,1,skipped,0,0,0,0,0,0
c7552,c7552_trojan49,PASS,PASS,PASS,1121.89,1342.01,3522.91,0.3809379178009089,1,2,0,2,3,5,1,1,1,1,1,1,skipped,20,3,17,4,0,1038.9184
c7552,c7552_trojan50,PASS,PASS,PASS,5086.45,5965.97,6605.58,0.9031712582392463,0,0,0,1,1,1,1,1,1,1,1,1,skipped,0,0,0,0,0,0
c7552,c7552_trojan51,PASS,PASS,PASS,3967.8,3570.9,3893.15,0.91722641049022,0,0,0,1,1,1,1,1,1,1,1,1,skipped,0,0,0,0,0,0
c7552,c7552_trojan52,PASS,PASS,PASS,6894.48,8184.46,6645.75,1.2315329345822519,0,0,0,1,1,1,1,1,1,1,1,1,skipped,0,0,0,0,0,0
c7552,c7552_trojan53,PASS,PASS,PASS,1286.14,1328.98,2893.05,0.45936986916921585,1,1,0,2,2,2,1,1,1,1,1,1,skipped,5,3,2,1,0,1363.0442
c7552,c7552_trojan54,PASS,PASS,PASS,8831.29,8761.5,7845.66,1.116732053135109,0,0,0,1,1,1,1,1,1,1,1,1,skipped,0,0,0,0,0,0
c7552,c7552_trojan57,PASS,PASS,PASS,3741.34,4207.87,3796.18,1.108448492958711,0,0,0,1,1,1,1,1,1,1,1,1,skipped,0,0,0,0,0,0
c7552,c7552_trojan58,PASS,PASS,PASS,4626.08,4454.21,4373.11,1.0185451543638282,0,0,0,1,1,1,1,1,1,1,1,1,skipped,0,0,0,0,0,0
c7552,c7552_trojan59,PASS,PASS,PASS,4725.12,5333.46,4784.53,1.114730182483964,0,0,0,1,1,1,1,1,1,1,1,1,skipped,0,0,0,0,0,0
c7552,c7552_trojan6,PASS,PASS,PASS,852.784,955.142,1987.95,0.4804658064840665,1,1,0,2,2,3,1,1,1,1,1,1,skipped,10,3,7,2,0,334.3356
c7552,c7552_trojan61,PASS,PASS,PASS,1550.88,1478.15,1535.44,0.962688219663419,0,0,0,1,1,1,1,1,1,1,1,1,skipped,0,0,0,0,0,0
c7552,c7552_trojan62,PASS,PASS,PASS,8133.48,7347.91,7311.99,1.0049124793660822,0,0,0,1,1,1,1,1,1,1,1,1,skipped,0,0,0,0,0,0
c7552,c7552_trojan63,PASS,PASS,PASS,1007.37,984.58,994.249,0.9902750719387196,0,0,0,1,1,1,1,1,1,1,1,1,skipped,0,0,0,0,0,0
c7552,c7552_trojan65,PASS,PASS,PASS,607.29,595.5,3699.61,0.1609629123069729,0,0,0,1,1,3,1,1,1,1,1,1,skipped,10,0,10,2,0,2191.155
c7552,c7552_trojan66,PASS,PASS,PASS,1490.33,1197.11,1322.99,0.9048518885252345,0,0,0,1,1,1,1,1,1,1,1,1,skipped,0,0,0,0,0,0
c7552,c7552_trojan67,PASS,PASS,PASS,1617.52,1704.69,1652.62,1.0315075455942686,0,0,0,1,1,1,1,1,1,1,1,1,skipped,0,0,0,0,0,0
c7552,c7552_trojan68,PASS,PASS,PASS,1354.01,1356.31,4596.79,0.2950558977025272,2,2,0,3,3,4,1,1,1,1,1,1,skipped,15,3,12,3,0,2662.4487
c7552,c7552_trojan69,PASS,PASS,PASS,9117.3,7915.3,7737.28,1.0230080855287647,0,0,0,1,1,1,1,1,1,1,1,1,skipped,0,0,0,0,0,0
c7552,c7552_trojan7,PASS,PASS,PASS,5093.93,5466.04,5120.17,1.0675504914875873,0,0,0,1,1,1,1,1,1,1,1,1,skipped,0,0,0,0,0,0
c7552,c7552_trojan70,CEC_FAIL,PASS,PASS,1995.19,980.146,12205.0,0.08030692339205243,5,1,2,5,2,8,1,1,1,1,1,1,skipped,35,3,32,5,0,8080.266300000001
c7552,c7552_trojan71,PASS,PASS,PASS,7373.52,8122.17,7374.96,1.1013171596862898,0,0,0,1,1,1,1,1,1,1,1,1,skipped,0,0,0,0,0,0
c7552,c7552_trojan72,PASS,PASS,PASS,2069.51,2051.96,2099.5,0.9773565134555847,0,0,0,1,1,1,1,1,1,1,1,1,skipped,0,0,0,0,0,0
c7552,c7552_trojan73,CEC_FAIL,PASS,PASS,27428.4,5890.98,9423.33,0.6251484347889759,5,0,0,5,1,1,1,1,1,1,1,1,skipped,0,0,0,0,0,0
c7552,c7552_trojan75,PASS,PASS,PASS,3645.02,3808.98,4836.5,0.7875488473069369,0,0,0,1,1,1,1,1,1,1,1,1,skipped,0,0,0,0,0,0
c7552,c7552_trojan76,PASS,PASS,PASS,7260.38,7345.55,6709.39,1.0948163692973578,0,0,0,1,1,1,1,1,1,1,1,1,skipped,0,0,0,0,0,0
c7552,c7552_trojan77,PASS,PASS,PASS,901.051,1120.03,2844.73,0.3937210209756286,0,0,0,1,1,2,1,1,1,1,1,1,skipped,5,0,5,1,0,1233.0531
c7552,c7552_trojan78,PASS,PASS,PASS,2651.12,2794.24,2724.75,1.0255032571795577,0,0,0,1,1,1,1,1,1,1,1,1,skipped,0,0,0,0,0,0
c7552,c7552_trojan79,PASS,PASS,PASS,5645.09,5897.15,5770.23,1.021995657018871,0,0,0,1,1,1,1,1,1,1,1,1,skipped,0,0,0,0,0,0
c7552,c7552_trojan8,PASS,PASS,PASS,7611.66,7724.1,7396.31,1.0443180450792355,0,0,0,1,1,1,1,1,1,1,1,1,skipped,0,0,0,0,0,0
c7552,c7552_trojan80,PASS,PASS,PASS,4818.31,4146.83,4465.7,0.9285957408692926,0,0,0,1,1,1,1,1,1,1,1,1,skipped,0,0,0,0,0,0
c7552,c7552_trojan81,PASS,PASS,PASS,1962.12,2198.11,2270.92,0.9679381043806035,0,0,0,1,1,1,1,1,1,1,1,1,skipped,0,0,0,0,0,0
c7552,c7552_trojan82,PASS,PASS,PASS,1198.38,1236.13,7023.84,0.17599062621016426,1,1,1,2,2,6,1,1,1,1,1,1,skipped,20,3,17,4,0,3942.2672
c7552,c7552_trojan83,PASS,PASS,PASS,4754.8,4909.25,4897.91,1.0023152732492022,0,0,0,1,1,1,1,1,1,1,1,1,skipped,0,0,0,0,0,0
c7552,c7552_trojan84,PASS,PASS,PASS,7280.63,6780.91,6713.29,1.0100725575686438,0,0,0,1,1,1,1,1,1,1,1,1,skipped,0,0,0,0,0,0
c7552,c7552_trojan85,PASS,PASS,PASS,8410.81,9958.15,10813.3,0.9209168338989948,0,0,0,1,1,1,1,1,1,1,1,1,skipped,0,0,0,0,0,0
c7552,c7552_trojan86,PASS,PASS,PASS,721.05,741.598,2277.31,0.32564648642477306,0,0,0,1,1,2,1,1,1,1,1,1,skipped,5,0,5,1,0,916.8379
c7552,c7552_trojan87,PASS,PASS,PASS,6577.28,6585.15,6889.7,0.9557963336574887,0,0,0,1,1,1,1,1,1,1,1,1,skipped,0,0,0,0,0,0
c7552,c7552_trojan88,PASS,PASS,PASS,4034.12,5320.75,4204.65,1.2654442105763857,0,0,0,1,1,1,1,1,1,1,1,1,skipped,0,0,0,0,0,0
c7552,c7552_trojan89,PASS,PASS,PASS,1095.94,1169.7,5357.44,0.21833188985784258,1,1,0,2,2,4,1,1,1,1,1,1,skipped,15,0,15,3,0,3340.7861000000003
c7552,c7552_trojan9,PASS,PASS,PASS,6699.38,7154.03,7093.7,1.0085047295487546,0,0,0,1,1,1,1,1,1,1,1,1,skipped,0,0,0,0,0,0
c7552,c7552_trojan90,PASS,PASS,PASS,8660.05,11693.8,9375.92,1.2472162731763923,0,0,0,1,1,1,1,1,1,1,1,1,skipped,0,0,0,0,0,0
c7552,c7552_trojan91,PASS,PASS,PASS,5540.38,6412.82,5803.47,1.1049975273414008,0,0,0,1,1,1,1,1,1,1,1,1,skipped,0,0,0,0,0,0
c7552,c7552_trojan92,PASS,PASS,PASS,707.009,694.374,3961.36,0.17528677020013328,0,0,0,1,1,3,1,1,1,1,1,1,skipped,10,0,10,2,0,2405.5776
c7552,c7552_trojan93,PASS,PASS,PASS,7871.46,10093.2,8174.09,1.234779651312868,0,0,0,1,1,1,1,1,1,1,1,1,skipped,0,0,0,0,0,0
c7552,c7552_trojan95,PASS,PASS,PASS,4222.57,5197.29,4247.74,1.223542401371082,0,0,0,1,1,1,1,1,1,1,1,1,skipped,0,0,0,0,0,0
c7552,c7552_trojan96,PASS,PASS,PASS,8435.24,17696.7,9228.06,1.9177053465192035,0,0,0,1,1,1,1,1,1,1,1,1,skipped,0,0,0,0,0,0
c880,c880_trojan0,PASS,PASS,PASS,1050.75,1185.01,1043.23,1.135904834025095,0,0,0,1,1,1,1,1,1,1,1,1,skipped,0,0,0,0,0,0
c880,c880_trojan1,PASS,PASS,PASS,2841.74,3200.74,2884.97,1.109453477852456,0,0,0,1,1,1,1,1,1,1,1,1,skipped,0,0,0,0,0,0
c880,c880_trojan10,PASS,PASS,PASS,917.244,990.087,866.666,1.1424089556991965,0,0,0,1,1,1,1,1,1,1,1,1,skipped,0,0,0,0,0,0
c880,c880_trojan11,PASS,PASS,PASS,999.437,2780.14,864.78,3.214852332385115,0,0,0,1,1,1,1,1,1,1,1,1,skipped,0,0,0,0,0,0
c880,c880_trojan12,PASS,PASS,PASS,1079.4,1196.23,1110.96,1.0767534384676316,0,0,0,1,1,1,1,1,1,1,1,1,skipped,0,0,0,0,0,0
c880,c880_trojan13,PASS,PASS,PASS,562.428,1219.39,568.252,2.1458613432068874,0,0,0,1,1,1,1,1,1,1,1,1,skipped,0,0,0,0,0,0
c880,c880_trojan14,PASS,PASS,PASS,763.34,742.236,570.867,1.3001907624718192,0,0,0,1,1,1,1,1,1,1,1,1,skipped,0,0,0,0,0,0
c880,c880_trojan15,PASS,PASS,PASS,449.185,420.705,429.606,0.9792810156282733,0,0,0,1,1,1,1,1,1,1,1,1,skipped,0,0,0,0,0,0
c880,c880_trojan16,PASS,PASS,PASS,1393.09,1518.07,1362.44,1.1142288834737675,0,0,0,1,1,1,1,1,1,1,1,1,skipped,0,0,0,0,0,0
c880,c880_trojan18,PASS,PASS,PASS,355.495,269.989,547.026,0.4935578930434751,0,0,0,1,1,2,1,1,1,1,1,1,skipped,5,0,5,1,0,43.7684
c880,c880_trojan19,PASS,PASS,PASS,641.485,838.224,835.87,1.0028162274037828,0,0,0,1,1,1,1,1,1,1,1,1,skipped,0,0,0,0,0,0
c880,c880_trojan2,PASS,PASS,PASS,2189.63,2575.83,2561.14,1.0057357270590441,0,0,0,1,1,1,1,1,1,1,1,1,skipped,0,0,0,0,0,0
c880,c880_trojan20,PASS,PASS,PASS,507.323,641.37,495.892,1.2933662975002622,0,0,0,1,1,1,1,1,1,1,1,1,skipped,0,0,0,0,0,0
c880,c880_trojan21,PASS,PASS,PASS,2027.01,1361.28,1464.09,0.9297789070344037,0,0,0,1,1,1,1,1,1,1,1,1,skipped,0,0,0,0,0,0
c880,c880_trojan22,PASS,PASS,PASS,879.826,942.036,950.12,0.9914916010609186,0,0,0,1,1,1,1,1,1,1,1,1,skipped,0,0,0,0,0,0
c880,c880_trojan23,PASS,PASS,PASS,1280.14,1300.6,1237.28,1.0511767748609853,0,0,0,1,1,1,1,1,1,1,1,1,skipped,0,0,0,0,0,0
c880,c880_trojan24,PASS,PASS,PASS,850.505,929.078,951.157,0.9767872180933326,0,0,0,1,1,1,1,1,1,1,1,1,skipped,0,0,0,0,0,0
c880,c880_trojan25,PASS,PASS,PASS,1431.63,2103.74,1663.9,1.2643428090630444,0,0,0,1,1,1,1,1,1,1,1,1,skipped,0,0,0,0,0,0
c880,c880_trojan26,PASS,CEC_FAIL,PASS,783.814,1134.29,644.417,1.7601801318090613,4,5,0,5,5,3,1,2,2,1,1,1,skipped,10,6,4,2,0,111.97619999999999
c880,c880_trojan28,PASS,PASS,PASS,356.521,466.979,442.393,1.0555750204004133,0,0,0,1,1,1,1,1,1,1,1,1,skipped,0,0,0,0,0,0
c880,c880_trojan29,PASS,PASS,PASS,339.039,374.74,358.047,1.0466223708060673,0,0,0,1,1,1,1,1,1,1,1,1,skipped,0,0,0,0,0,0
c880,c880_trojan3,PASS,PASS,PASS,852.906,883.891,743.604,1.1886582105529286,2,1,1,3,2,2,1,1,1,1,1,1,skipped,0,0,0,0,0,0
c880,c880_trojan30,PASS,PASS,PASS,311.038,357.381,439.265,0.8135886082433155,0,0,0,1,1,2,1,1,1,1,1,1,skipped,5,0,5,1,0,45.9745
c880,c880_trojan31,PASS,PASS,PASS,907.935,822.527,798.212,1.0304618321949557,0,0,0,1,1,1,1,1,1,1,1,1,skipped,0,0,0,0,0,0
c880,c880_trojan32,PASS,PASS,PASS,968.994,1179.81,1085.94,1.0864412398475052,0,0,0,1,1,1,1,1,1,1,1,1,skipped,0,0,0,0,0,0
c880,c880_trojan33,PASS,PASS,PASS,791.24,984.345,823.133,1.1958517031876987,0,0,0,1,1,1,1,1,1,1,1,1,skipped,0,0,0,0,0,0
c880,c880_trojan34,PASS,PASS,PASS,1397.85,1444.87,1362.03,1.0608209804483013,0,0,0,1,1,1,1,1,1,1,1,1,skipped,0,0,0,0,0,0
c880,c880_trojan35,PASS,PASS,PASS,1660.66,1592.52,1627.73,0.9783686483630577,0,0,0,1,1,1,1,1,1,1,1,1,skipped,0,0,0,0,0,0
c880,c880_trojan36,PASS,PASS,PASS,635.534,708.318,733.903,0.9651384447263466,0,0,0,1,1,1,1,1,1,1,1,1,skipped,0,0,0,0,0,0
c880,c880_trojan37,PASS,PASS,PASS,1142.5,1046.55,1075.12,0.973426222189151,0,0,0,1,1,1,1,1,1,1,1,1,skipped,0,0,0,0,0,0
c880,c880_trojan38,PASS,PASS,PASS,349.264,323.304,356.471,0.9069573682010598,0,0,0,1,1,1,1,1,1,1,1,1,skipped,0,0,0,0,0,0
c880,c880_trojan39,PASS,PASS,PASS,694.729,731.342,820.525,0.8913098321196795,0,0,0,1,1,1,1,1,1,1,1,1,skipped,0,0,0,0,0,0
c880,c880_trojan4,PASS,PASS,PASS,1355.04,1223.62,1183.74,1.0336898305371112,0,0,0,1,1,1,1,1,1,1,1,1,skipped,0,0,0,0,0,0
c880,c880_trojan40,PASS,PASS,PASS,1234.57,2288.09,1111.5,2.058560503823662,0,0,0,1,1,1,1,1,1,1,1,1,skipped,0,0,0,0,0,0
c880,c880_trojan41,PASS,PASS,PASS,295.336,301.682,283.05,1.0658258258258257,0,0,0,1,1,1,1,1,1,1,1,1,skipped,0,0,0,0,0,0
c880,c880_trojan42,PASS,PASS,PASS,991.881,977.168,931.236,1.0493236945307098,0,0,0,1,1,1,1,1,1,1,1,1,skipped,0,0,0,0,0,0
c880,c880_trojan43,PASS,PASS,PASS,852.242,846.791,852.238,0.9936085929047989,0,0,0,1,1,1,1,1,1,1,1,1,skipped,0,0,0,0,0,0
c880,c880_trojan44,PASS,PASS,PASS,342.361,336.817,319.235,1.0550754146631791,0,0,0,1,1,1,1,1,1,1,1,1,skipped,0,0,0,0,0,0
c880,c880_trojan45,PASS,PASS,PASS,1092.77,1102.78,1077.33,1.0236232166559922,0,0,0,1,1,1,1,1,1,1,1,1,skipped,0,0,0,0,0,0
c880,c880_trojan46,PASS,PASS,PASS,484.239,472.998,583.308,0.8108889300335329,0,0,0,1,1,1,1,1,1,1,1,1,skipped,0,0,0,0,0,0
c880,c880_trojan47,PASS,PASS,PASS,589.823,565.862,533.138,1.0613799804178279,0,0,0,1,1,1,1,1,1,1,1,1,skipped,0,0,0,0,0,0
c880,c880_trojan48,PASS,PASS,PASS,274.026,281.356,292.865,0.960702029945538,0,0,0,1,1,1,1,1,1,1,1,1,skipped,0,0,0,0,0,0
c880,c880_trojan49,PASS,PASS,PASS,639.479,616.703,669.062,0.9217426785559484,0,0,0,1,1,1,1,1,1,1,1,1,skipped,0,0,0,0,0,0
c880,c880_trojan5,PASS,PASS,PASS,377.048,340.5,575.842,0.5913080324116685,0,0,0,1,1,2,1,1,1,1,1,1,skipped,5,0,5,1,0,38.4792
c880,c880_trojan50,PASS,PASS,PASS,1605.29,1856.45,1832.95,1.0128208625439865,0,0,0,1,1,1,1,1,1,1,1,1,skipped,0,0,0,0,0,0
c880,c880_trojan51,PASS,PASS,PASS,3810.49,3612.07,3714.98,0.9722986395619896,0,0,0,1,1,1,1,1,1,1,1,1,skipped,0,0,0,0,0,0
c880,c880_trojan52,PASS,PASS,PASS,2226.33,2110.7,2093.83,1.0080570055830702,0,0,0,1,1,1,1,1,1,1,1,1,skipped,0,0,0,0,0,0
c880,c880_trojan53,PASS,PASS,PASS,1216.1,1075.96,1104.85,0.9738516540706884,0,0,0,1,1,1,1,1,1,1,1,1,skipped,0,0,0,0,0,0
c880,c880_trojan54,PASS,PASS,PASS,3168.43,2978.8,2479.3,1.2014681563344491,0,0,0,1,1,1,1,1,1,1,1,1,skipped,0,0,0,0,0,0
c880,c880_trojan55,PASS,PASS,PASS,337.532,368.475,667.469,0.5520481100994953,0,0,0,1,1,2,1,1,1,1,1,1,skipped,5,0,5,1,0,78.6092
c880,c880_trojan56,PASS,PASS,PASS,2077.99,2292.99,2008.14,1.1418476799426334,0,0,0,1,1,1,1,1,1,1,1,1,skipped,0,0,0,0,0,0
c880,c880_trojan57,PASS,PASS,PASS,1626.02,1723.44,1646.97,1.0464307182280188,0,0,0,1,1,1,1,1,1,1,1,1,skipped,0,0,0,0,0,0
c880,c880_trojan58,PASS,PASS,PASS,499.827,614.796,669.55,0.9182226868792474,0,0,0,1,1,1,1,1,1,1,1,1,skipped,0,0,0,0,0,0
c880,c880_trojan59,PASS,PASS,PASS,2631.44,3361.01,2604.38,1.2905221204278945,0,0,0,1,1,1,1,1,1,1,1,1,skipped,0,0,0,0,0,0
c880,c880_trojan6,PASS,PASS,PASS,1059.89,1067.96,1119.1,0.9543025645608079,0,0,0,1,1,1,1,1,1,1,1,1,skipped,0,0,0,0,0,0
c880,c880_trojan60,PASS,PASS,PASS,1359.85,1965.2,1576.11,1.2468672871817323,0,0,0,1,1,1,1,1,1,1,1,1,skipped,0,0,0,0,0,0
c880,c880_trojan61,PASS,PASS,PASS,330.087,324.407,404.906,0.8011908936889055,0,0,0,1,1,1,1,1,1,1,1,1,skipped,0,0,0,0,0,0
c880,c880_trojan62,PASS,PASS,PASS,1671.47,1625.01,1625.11,0.9999384657038601,0,0,0,1,1,1,1,1,1,1,1,1,skipped,0,0,0,0,0,0
c880,c880_trojan63,PASS,PASS,PASS,660.778,539.612,523.128,1.0315104525087548,0,0,0,1,1,1,1,1,1,1,1,1,skipped,0,0,0,0,0,0
c880,c880_trojan64,PASS,PASS,PASS,367.337,394.902,351.518,1.1234189998805182,0,0,0,1,1,1,1,1,1,1,1,1,skipped,0,0,0,0,0,0
c880,c880_trojan65,PASS,PASS,PASS,349.72,347.683,325.71,1.0674618525682356,0,0,0,1,1,1,1,1,1,1,1,1,skipped,0,0,0,0,0,0
c880,c880_trojan66,PASS,PASS,PASS,1308.97,1447.91,1335.61,1.0840814309566418,0,0,0,1,1,1,1,1,1,1,1,1,skipped,0,0,0,0,0,0
c880,c880_trojan68,PASS,PASS,PASS,372.025,385.322,657.387,0.5861418007961825,0,0,0,1,1,2,1,1,1,1,1,1,skipped,5,0,5,1,0,57.1041
c880,c880_trojan69,PASS,PASS,PASS,1235.18,1178.33,1263.92,0.9322821064624343,0,0,0,1,1,1,1,1,1,1,1,1,skipped,0,0,0,0,0,0
c880,c880_trojan7,PASS,PASS,PASS,414.384,474.669,410.697,1.1557644686958999,1,1,0,2,2,2,1,1,1,1,1,1,skipped,5,3,2,1,0,52.0525
c880,c880_trojan70,PASS,PASS,PASS,1255.96,1103.19,1536.23,0.7181151259902488,0,0,0,1,1,1,1,1,1,1,1,1,skipped,0,0,0,0,0,0
c880,c880_trojan71,PASS,PASS,PASS,2280.76,2398.13,2267.99,1.0573812053845035,0,0,0,1,1,1,1,1,1,1,1,1,skipped,0,0,0,0,0,0
c880,c880_trojan72,PASS,PASS,PASS,1215.11,1334.28,1272.67,1.0484100355944588,0,0,0,1,1,1,1,1,1,1,1,1,skipped,0,0,0,0,0,0
c880,c880_trojan73,PASS,PASS,PASS,1658.77,1837.67,1795.7,1.0233725009745502,0,0,0,1,1,1,1,1,1,1,1,1,skipped,0,0,0,0,0,0
c880,c880_trojan74,PASS,PASS,PASS,1133.5,1340.48,1131.58,1.1846091305961577,0,0,0,1,1,1,1,1,1,1,1,1,skipped,0,0,0,0,0,0
c880,c880_trojan75,PASS,PASS,PASS,1681.89,2450.54,1514.33,1.6182338063698138,0,0,0,1,1,1,1,1,1,1,1,1,skipped,0,0,0,0,0,0
c880,c880_trojan76,PASS,PASS,PASS,459.807,1062.45,473.132,2.2455678330782955,0,0,0,1,1,1,1,1,1,1,1,1,skipped,0,0,0,0,0,0
c880,c880_trojan78,PASS,PASS,PASS,902.256,795.59,813.712,0.9777292211494977,0,0,0,1,1,1,1,1,1,1,1,1,skipped,0,0,0,0,0,0
c880,c880_trojan79,PASS,PASS,PASS,734.071,792.093,639.968,1.237707197859893,0,0,0,1,1,1,1,1,1,1,1,1,skipped,0,0,0,0,0,0
c880,c880_trojan8,PASS,PASS,PASS,773.198,469.281,528.247,0.8883741885898075,0,0,0,1,1,1,1,1,1,1,1,1,skipped,0,0,0,0,0,0
c880,c880_trojan80,PASS,PASS,PASS,359.169,396.059,560.512,0.7066021780086779,0,0,0,1,1,2,1,1,1,1,1,1,skipped,5,0,5,1,0,89.439
c880,c880_trojan81,PASS,PASS,PASS,824.146,817.041,827.356,0.9875325736442354,0,0,0,1,1,1,1,1,1,1,1,1,skipped,0,0,0,0,0,0
c880,c880_trojan82,PASS,PASS,PASS,1270.8,1169.58,1245.99,0.9386752702670165,0,0,0,1,1,1,1,1,1,1,1,1,skipped,0,0,0,0,0,0
c880,c880_trojan83,PASS,PASS,PASS,1383.35,1345.56,1366.47,0.9846977979758063,0,0,0,1,1,1,1,1,1,1,1,1,skipped,0,0,0,0,0,0
c880,c880_trojan84,PASS,PASS,PASS,320.37,641.883,472.546,1.35835029817203,0,1,0,1,2,2,1,1,1,1,1,1,skipped,5,3,2,1,0,52.3908
c880,c880_trojan85,PASS,PASS,PASS,2012.16,2277.16,2067.87,1.1012104242529752,0,0,0,1,1,1,1,1,1,1,1,1,skipped,0,0,0,0,0,0
c880,c880_trojan86,PASS,PASS,PASS,2010.33,1977.32,2061.46,0.9591842674609257,0,0,0,1,1,1,1,1,1,1,1,1,skipped,0,0,0,0,0,0
c880,c880_trojan87,PASS,PASS,PASS,1570.99,1593.67,1566.38,1.0174223368531263,0,0,0,1,1,1,1,1,1,1,1,1,skipped,0,0,0,0,0,0
c880,c880_trojan88,PASS,PASS,PASS,368.422,432.778,334.586,1.2934731279850322,0,0,0,1,1,1,1,1,1,1,1,1,skipped,0,0,0,0,0,0
c880,c880_trojan89,PASS,PASS,PASS,846.292,705.053,814.995,0.8651010128896496,0,0,0,1,1,1,1,1,1,1,1,1,skipped,0,0,0,0,0,0
c880,c880_trojan9,PASS,PASS,PASS,1430.47,1608.98,1458.56,1.1031291136463361,0,0,0,1,1,1,1,1,1,1,1,1,skipped,0,0,0,0,0,0
c880,c880_trojan90,PASS,PASS,PASS,1431.87,1469.59,1543.07,0.9523806437815523,0,0,0,1,1,1,1,1,1,1,1,1,skipped,0,0,0,0,0,0
c880,c880_trojan91,PASS,PASS,PASS,460.686,423.378,371.952,1.1382597754548973,0,0,0,1,1,1,1,1,1,1,1,1,skipped,0,0,0,0,0,0
c880,c880_trojan92,PASS,PASS,PASS,1125.2,1264.69,1226.76,1.0309188431315008,0,0,0,1,1,1,1,1,1,1,1,1,skipped,0,0,0,0,0,0
c880,c880_trojan93,PASS,PASS,PASS,1199.01,1310.51,1340.42,0.9776860983870727,0,0,0,1,1,1,1,1,1,1,1,1,skipped,0,0,0,0,0,0
c880,c880_trojan94,PASS,PASS,PASS,529.793,779.907,464.041,1.6806855428722893,0,0,0,1,1,1,1,1,1,1,1,1,skipped,0,0,0,0,0,0
c880,c880_trojan95,PASS,PASS,PASS,2459.94,2511.91,2457.45,1.0221611833404545,0,0,0,1,1,1,1,1,1,1,1,1,skipped,0,0,0,0,0,0
c880,c880_trojan96,PASS,PASS,PASS,780.259,654.409,776.808,0.8424333940948084,0,0,0,1,1,1,1,1,1,1,1,1,skipped,0,0,0,0,0,0
c880,c880_trojan97,PASS,PASS,PASS,1099.07,1024.36,1061.06,0.965411946544022,0,0,0,1,1,1,1,1,1,1,1,1,skipped,0,0,0,0,0,0
c880,c880_trojan98,PASS,PASS,PASS,332.721,666.749,648.082,1.0288034538839221,0,2,0,1,3,2,1,1,1,1,1,1,skipped,5,3,2,1,0,104.0602
c880,c880_trojan99,PASS,PASS,PASS,583.908,732.605,629.247,1.1642566432577353,0,0,0,1,1,1,1,1,1,1,1,1,skipped,0,0,0,0,0,0
